{"type":"FeatureCollection","fuente":"geoBoundaries GTM ADM1 (OpenStreetMap, ODbL 1.0), coordenadas redondeadas a 3 decimales","features":[{"type":"Feature","properties":{"nombre":"Alta Verapaz","iso":"GT-AV"},"geometry":{"type":"Polygon","coordinates":[[[-89.411,15.856],[-89.415,15.86],[-89.417,15.858],[-89.419,15.86],[-89.422,15.859],[-89.426,15.859],[-89.428,15.861],[-89.43,15.858],[-89.429,15.856],[-89.431,15.857],[-89.435,15.854],[-89.438,15.855],[-89.44,15.852],[-89.439,15.851],[-89.443,15.847],[-89.446,15.851],[-89.449,15.85],[-89.45,15.848],[-89.457,15.848],[-89.46,15.85],[-89.464,15.861],[-89.467,15.861],[-89.471,15.859],[-89.472,15.861],[-89.477,15.86],[-89.479,15.861],[-89.48,15.858],[-89.483,15.857],[-89.484,15.854],[-89.488,15.853],[-89.488,15.855],[-89.49,15.855],[-89.489,15.853],[-89.492,15.852],[-89.491,15.851],[-89.493,15.851],[-89.493,15.85],[-89.498,15.847],[-89.5,15.844],[-89.5,16.041],[-89.502,16.045],[-89.504,16.045],[-89.504,16.039],[-89.508,16.039],[-89.508,16.036],[-89.511,16.036],[-89.512,16.037],[-89.51,16.043],[-89.513,16.044],[-89.519,16.044],[-89.52,16.047],[-89.523,16.049],[-89.524,16.051],[-89.527,16.051],[-89.528,16.053],[-89.529,16.051],[-89.536,16.047],[-89.537,16.045],[-89.54,16.045],[-89.542,16.042],[-89.546,16.04],[-89.549,16.042],[-89.549,16.036],[-89.546,16.032],[-89.549,16.031],[-89.547,16.028],[-89.551,16.03],[-89.555,16.029],[-89.558,16.032],[-89.559,16.029],[-89.562,16.031],[-89.564,16.028],[-89.565,16.031],[-89.575,16.019],[-89.576,16.015],[-89.582,16.014],[-89.582,16.01],[-89.588,16.012],[-89.588,16.017],[-89.597,16.019],[-89.592,16.013],[-89.59,16.013],[-89.591,16.007],[-89.594,16.007],[-89.594,16.013],[-89.596,16.014],[-89.598,16.014],[-89.6,16.01],[-89.603,16.01],[-89.606,16.014],[-89.61,16.012],[-89.613,16.014],[-89.612,16.012],[-89.617,16.011],[-89.617,16.015],[-89.619,16.016],[-89.626,16.015],[-89.628,16.018],[-89.63,16.016],[-89.634,16.016],[-89.635,16.014],[-89.638,16.014],[-89.639,16.009],[-89.635,16.005],[-89.636,16.002],[-89.638,15.999],[-89.642,16.0],[-89.639,15.995],[-89.642,15.994],[-89.641,15.992],[-89.644,15.992],[-89.645,15.99],[-89.647,15.992],[-89.648,15.991],[-89.646,15.986],[-89.649,15.986],[-89.649,15.981],[-89.65,15.98],[-89.649,15.978],[-89.652,15.973],[-89.655,15.977],[-89.657,15.977],[-89.657,15.978],[-89.66,15.979],[-89.662,15.982],[-89.665,15.98],[-89.664,15.978],[-89.666,15.977],[-89.666,15.974],[-89.672,15.974],[-89.678,15.972],[-89.68,15.977],[-89.683,15.979],[-89.685,15.979],[-89.686,15.978],[-89.688,15.98],[-89.69,15.979],[-89.69,15.978],[-89.694,15.977],[-89.696,15.975],[-89.698,15.976],[-89.699,15.973],[-89.703,15.968],[-89.701,15.964],[-89.704,15.96],[-89.707,15.96],[-89.708,15.963],[-89.711,15.964],[-89.712,15.967],[-89.714,15.967],[-89.714,15.964],[-89.715,15.963],[-89.718,15.964],[-89.715,15.964],[-89.715,15.965],[-89.721,15.966],[-89.728,15.964],[-89.73,15.965],[-89.733,15.962],[-89.734,15.962],[-89.738,15.959],[-89.74,15.959],[-89.748,15.951],[-89.741,15.944],[-89.744,15.942],[-89.746,15.943],[-89.748,15.942],[-89.748,15.939],[-89.749,15.939],[-89.751,15.933],[-89.754,15.932],[-89.756,15.93],[-89.757,15.932],[-89.758,15.929],[-89.757,15.927],[-89.759,15.924],[-89.76,15.921],[-89.768,15.919],[-89.767,15.921],[-89.77,15.921],[-89.772,15.924],[-89.777,15.922],[-89.78,15.923],[-89.786,15.919],[-89.785,15.916],[-89.792,15.916],[-89.793,15.908],[-89.805,15.907],[-89.806,15.909],[-89.81,15.907],[-89.816,15.91],[-89.819,15.909],[-89.825,15.911],[-89.824,15.907],[-89.838,15.907],[-89.846,15.91],[-89.852,15.908],[-89.852,15.905],[-89.858,15.904],[-89.857,15.906],[-89.861,15.907],[-89.861,15.909],[-89.865,15.908],[-89.864,15.91],[-89.865,15.911],[-89.864,15.912],[-89.864,15.913],[-89.869,15.912],[-89.871,15.917],[-89.873,15.918],[-89.868,15.922],[-89.871,15.934],[-89.874,15.931],[-89.879,15.938],[-89.888,15.937],[-89.888,15.939],[-89.884,15.941],[-89.884,15.942],[-89.893,15.947],[-89.897,15.946],[-89.897,15.948],[-89.894,15.952],[-89.887,15.955],[-89.89,15.957],[-89.892,15.965],[-89.896,15.967],[-89.9,15.966],[-89.9,15.962],[-89.897,15.957],[-89.901,15.953],[-89.906,15.954],[-89.905,15.96],[-89.907,15.962],[-89.909,15.962],[-89.912,15.959],[-89.915,15.96],[-89.915,15.968],[-89.917,15.969],[-89.92,15.965],[-89.923,15.965],[-89.929,15.974],[-89.932,15.972],[-89.932,15.965],[-89.938,15.964],[-89.937,15.97],[-89.939,15.972],[-89.944,15.97],[-89.946,15.966],[-89.948,15.967],[-89.947,15.975],[-89.948,15.978],[-89.951,15.979],[-89.959,15.978],[-89.963,15.98],[-89.959,15.988],[-89.955,15.989],[-89.954,15.992],[-89.959,15.991],[-89.964,15.987],[-89.967,15.987],[-89.968,15.988],[-89.966,15.995],[-89.961,15.998],[-89.962,16.003],[-89.97,16.008],[-89.977,16.007],[-89.979,16.014],[-89.982,16.014],[-89.988,16.009],[-89.988,16.007],[-89.982,16.007],[-89.981,16.005],[-89.983,15.999],[-89.979,15.995],[-89.98,15.99],[-89.982,15.99],[-89.983,15.991],[-89.983,15.995],[-89.988,15.994],[-89.989,16.0],[-89.992,16.001],[-89.999,15.998],[-90.005,16.0],[-90.012,15.992],[-90.015,15.992],[-90.017,15.996],[-90.01,16.002],[-90.013,16.01],[-90.015,16.011],[-90.027,16.008],[-90.03,16.009],[-90.035,16.016],[-90.039,16.011],[-90.039,16.001],[-90.045,15.991],[-90.213,16.045],[-90.442,16.074],[-90.438,16.065],[-90.435,16.062],[-90.432,16.063],[-90.428,16.068],[-90.424,16.07],[-90.42,16.069],[-90.418,16.067],[-90.419,16.063],[-90.428,16.056],[-90.429,16.05],[-90.432,16.046],[-90.435,16.044],[-90.441,16.046],[-90.443,16.044],[-90.44,16.041],[-90.435,16.042],[-90.428,16.039],[-90.424,16.029],[-90.424,16.022],[-90.427,16.023],[-90.433,16.03],[-90.44,16.03],[-90.44,16.022],[-90.446,16.015],[-90.45,16.014],[-90.454,16.017],[-90.457,16.016],[-90.465,16.006],[-90.471,16.003],[-90.474,16.005],[-90.476,16.016],[-90.48,16.018],[-90.488,16.016],[-90.491,16.012],[-90.491,16.006],[-90.495,16.0],[-90.499,15.988],[-90.506,15.984],[-90.511,15.983],[-90.514,15.983],[-90.514,15.984],[-90.506,15.988],[-90.503,15.991],[-90.499,15.992],[-90.499,15.997],[-90.501,16.001],[-90.505,16.001],[-90.507,15.993],[-90.516,15.994],[-90.523,15.99],[-90.524,15.991],[-90.518,15.999],[-90.518,16.002],[-90.526,16.0],[-90.532,16.004],[-90.538,16.004],[-90.54,16.001],[-90.54,15.997],[-90.541,15.995],[-90.544,15.997],[-90.546,16.003],[-90.55,16.003],[-90.553,16.002],[-90.555,15.995],[-90.558,15.994],[-90.561,16.003],[-90.564,16.002],[-90.568,15.996],[-90.576,15.996],[-90.577,15.997],[-90.575,16.002],[-90.576,16.006],[-90.582,16.009],[-90.585,16.014],[-90.592,16.015],[-90.605,16.011],[-90.61,16.012],[-90.612,16.014],[-90.611,16.018],[-90.606,16.02],[-90.598,16.017],[-90.596,16.019],[-90.595,16.024],[-90.598,16.029],[-90.596,16.034],[-90.6,16.037],[-90.604,16.036],[-90.613,16.024],[-90.617,16.024],[-90.63,16.034],[-90.635,16.04],[-90.647,16.036],[-90.651,16.038],[-90.653,16.042],[-90.655,16.041],[-90.659,16.035],[-90.669,16.039],[-90.673,16.03],[-90.681,16.025],[-90.682,16.022],[-90.694,16.017],[-90.698,16.018],[-90.701,16.02],[-90.701,16.015],[-90.695,16.008],[-90.694,16.005],[-90.695,15.997],[-90.703,15.999],[-90.708,15.995],[-90.708,15.989],[-90.702,15.982],[-90.703,15.975],[-90.709,15.973],[-90.714,15.977],[-90.72,15.979],[-90.727,15.984],[-90.734,15.984],[-90.738,15.98],[-90.736,15.974],[-90.737,15.969],[-90.743,15.967],[-90.75,15.969],[-90.759,15.965],[-90.761,15.962],[-90.76,15.959],[-90.753,15.955],[-90.748,15.945],[-90.746,15.943],[-90.744,15.943],[-90.738,15.949],[-90.735,15.949],[-90.733,15.946],[-90.737,15.94],[-90.738,15.93],[-90.75,15.922],[-90.753,15.917],[-90.752,15.907],[-90.76,15.888],[-90.759,15.885],[-90.756,15.883],[-90.745,15.886],[-90.74,15.884],[-90.737,15.882],[-90.735,15.876],[-90.736,15.873],[-90.738,15.872],[-90.739,15.869],[-90.731,15.865],[-90.73,15.861],[-90.737,15.85],[-90.741,15.848],[-90.742,15.842],[-90.746,15.843],[-90.749,15.84],[-90.751,15.835],[-90.754,15.835],[-90.757,15.837],[-90.76,15.838],[-90.768,15.831],[-90.773,15.822],[-90.773,15.818],[-90.779,15.816],[-90.78,15.81],[-90.782,15.806],[-90.782,15.804],[-90.777,15.8],[-90.778,15.797],[-90.783,15.795],[-90.784,15.789],[-90.788,15.788],[-90.791,15.785],[-90.795,15.783],[-90.795,15.774],[-90.808,15.771],[-90.811,15.755],[-90.82,15.751],[-90.821,15.749],[-90.813,15.743],[-90.806,15.741],[-90.802,15.743],[-90.798,15.748],[-90.794,15.748],[-90.787,15.744],[-90.784,15.744],[-90.783,15.737],[-90.779,15.73],[-90.779,15.725],[-90.786,15.722],[-90.79,15.724],[-90.793,15.724],[-90.798,15.72],[-90.794,15.717],[-90.787,15.721],[-90.784,15.721],[-90.78,15.714],[-90.772,15.707],[-90.771,15.704],[-90.772,15.703],[-90.775,15.704],[-90.779,15.704],[-90.79,15.692],[-90.794,15.685],[-90.794,15.679],[-90.789,15.678],[-90.783,15.679],[-90.775,15.677],[-90.756,15.669],[-90.734,15.662],[-90.709,15.657],[-90.7,15.653],[-90.696,15.655],[-90.695,15.652],[-90.691,15.65],[-90.668,15.652],[-90.657,15.65],[-90.655,15.646],[-90.66,15.644],[-90.66,15.642],[-90.657,15.639],[-90.65,15.637],[-90.645,15.634],[-90.646,15.63],[-90.644,15.62],[-90.639,15.617],[-90.638,15.615],[-90.639,15.613],[-90.636,15.612],[-90.63,15.612],[-90.632,15.606],[-90.63,15.604],[-90.632,15.602],[-90.632,15.596],[-90.634,15.593],[-90.642,15.589],[-90.642,15.583],[-90.64,15.579],[-90.635,15.577],[-90.624,15.575],[-90.619,15.57],[-90.618,15.564],[-90.614,15.556],[-90.615,15.555],[-90.613,15.553],[-90.614,15.548],[-90.608,15.537],[-90.608,15.527],[-90.604,15.518],[-90.606,15.512],[-90.605,15.507],[-90.606,15.505],[-90.612,15.502],[-90.613,15.499],[-90.62,15.501],[-90.626,15.495],[-90.628,15.49],[-90.637,15.486],[-90.642,15.476],[-90.651,15.464],[-90.649,15.455],[-90.649,15.449],[-90.663,15.431],[-90.667,15.435],[-90.672,15.437],[-90.699,15.441],[-90.699,15.438],[-90.704,15.429],[-90.712,15.42],[-90.713,15.414],[-90.709,15.412],[-90.712,15.401],[-90.708,15.384],[-90.703,15.38],[-90.702,15.377],[-90.694,15.372],[-90.691,15.363],[-90.68,15.359],[-90.675,15.359],[-90.666,15.354],[-90.656,15.355],[-90.645,15.347],[-90.624,15.346],[-90.608,15.34],[-90.602,15.341],[-90.596,15.339],[-90.593,15.342],[-90.586,15.341],[-90.582,15.343],[-90.576,15.34],[-90.568,15.339],[-90.563,15.341],[-90.556,15.337],[-90.552,15.339],[-90.545,15.338],[-90.537,15.34],[-90.529,15.339],[-90.511,15.335],[-90.505,15.331],[-90.499,15.333],[-90.48,15.322],[-90.476,15.302],[-90.484,15.29],[-90.485,15.283],[-90.475,15.284],[-90.455,15.281],[-90.442,15.283],[-90.424,15.281],[-90.42,15.28],[-90.417,15.283],[-90.407,15.279],[-90.403,15.28],[-90.4,15.276],[-90.403,15.272],[-90.403,15.269],[-90.368,15.256],[-90.349,15.241],[-90.335,15.226],[-90.331,15.226],[-90.328,15.23],[-90.328,15.241],[-90.314,15.243],[-90.305,15.247],[-90.294,15.28],[-90.296,15.282],[-90.293,15.291],[-90.29,15.294],[-90.281,15.292],[-90.25,15.273],[-90.217,15.272],[-90.201,15.265],[-90.157,15.264],[-90.117,15.266],[-90.063,15.262],[-90.021,15.271],[-90.0,15.27],[-89.963,15.274],[-89.949,15.274],[-89.948,15.273],[-89.935,15.279],[-89.92,15.294],[-89.917,15.302],[-89.935,15.231],[-89.942,15.211],[-89.992,15.142],[-89.958,15.154],[-89.948,15.146],[-89.92,15.14],[-89.893,15.14],[-89.89,15.144],[-89.891,15.15],[-89.887,15.152],[-89.884,15.148],[-89.866,15.147],[-89.861,15.161],[-89.844,15.164],[-89.835,15.162],[-89.825,15.168],[-89.819,15.172],[-89.811,15.172],[-89.803,15.166],[-89.794,15.17],[-89.784,15.171],[-89.777,15.17],[-89.767,15.149],[-89.752,15.148],[-89.746,15.145],[-89.733,15.147],[-89.722,15.152],[-89.715,15.148],[-89.704,15.138],[-89.689,15.139],[-89.687,15.138],[-89.678,15.122],[-89.666,15.12],[-89.663,15.123],[-89.665,15.13],[-89.664,15.138],[-89.668,15.145],[-89.666,15.149],[-89.651,15.155],[-89.641,15.162],[-89.627,15.161],[-89.613,15.187],[-89.576,15.242],[-89.567,15.266],[-89.568,15.282],[-89.57,15.285],[-89.569,15.287],[-89.57,15.289],[-89.568,15.291],[-89.57,15.292],[-89.566,15.294],[-89.566,15.297],[-89.563,15.302],[-89.564,15.302],[-89.565,15.306],[-89.569,15.308],[-89.569,15.31],[-89.566,15.309],[-89.566,15.311],[-89.558,15.313],[-89.54,15.31],[-89.538,15.311],[-89.535,15.317],[-89.535,15.32],[-89.547,15.336],[-89.547,15.344],[-89.541,15.35],[-89.518,15.358],[-89.512,15.363],[-89.513,15.368],[-89.524,15.38],[-89.514,15.416],[-89.518,15.42],[-89.527,15.419],[-89.533,15.424],[-89.533,15.429],[-89.53,15.437],[-89.516,15.453],[-89.523,15.458],[-89.53,15.466],[-89.532,15.466],[-89.535,15.461],[-89.542,15.456],[-89.545,15.456],[-89.549,15.46],[-89.548,15.462],[-89.554,15.466],[-89.558,15.466],[-89.565,15.47],[-89.573,15.474],[-89.581,15.474],[-89.59,15.478],[-89.591,15.482],[-89.59,15.485],[-89.567,15.499],[-89.567,15.503],[-89.573,15.51],[-89.582,15.515],[-89.583,15.522],[-89.536,15.636],[-89.493,15.71],[-89.439,15.816],[-89.433,15.822],[-89.43,15.821],[-89.425,15.822],[-89.425,15.823],[-89.428,15.824],[-89.427,15.827],[-89.423,15.827],[-89.422,15.829],[-89.418,15.83],[-89.421,15.833],[-89.418,15.835],[-89.417,15.839],[-89.418,15.84],[-89.415,15.843],[-89.417,15.846],[-89.41,15.847],[-89.411,15.844],[-89.41,15.844],[-89.408,15.848],[-89.41,15.849],[-89.412,15.848],[-89.41,15.852],[-89.413,15.852],[-89.412,15.854],[-89.414,15.854],[-89.411,15.856]]]}},{"type":"Feature","properties":{"nombre":"Suchitepéquez","iso":"GT-SU"},"geometry":{"type":"Polygon","coordinates":[[[-91.119,14.515],[-91.124,14.517],[-91.125,14.523],[-91.128,14.525],[-91.129,14.534],[-91.136,14.545],[-91.144,14.551],[-91.16,14.558],[-91.159,14.554],[-91.176,14.557],[-91.179,14.561],[-91.189,14.562],[-91.201,14.562],[-91.219,14.556],[-91.224,14.556],[-91.227,14.555],[-91.244,14.542],[-91.251,14.538],[-91.253,14.535],[-91.253,14.527],[-91.254,14.526],[-91.255,14.526],[-91.255,14.531],[-91.256,14.533],[-91.266,14.531],[-91.27,14.535],[-91.271,14.541],[-91.275,14.544],[-91.282,14.597],[-91.285,14.607],[-91.3,14.609],[-91.303,14.613],[-91.313,14.615],[-91.312,14.621],[-91.306,14.626],[-91.31,14.631],[-91.321,14.638],[-91.329,14.634],[-91.331,14.643],[-91.356,14.643],[-91.361,14.638],[-91.367,14.64],[-91.376,14.635],[-91.391,14.635],[-91.391,14.638],[-91.398,14.643],[-91.402,14.64],[-91.411,14.641],[-91.415,14.636],[-91.422,14.635],[-91.447,14.607],[-91.446,14.601],[-91.447,14.597],[-91.452,14.601],[-91.465,14.6],[-91.482,14.603],[-91.483,14.595],[-91.507,14.602],[-91.491,14.626],[-91.48,14.637],[-91.482,14.66],[-91.489,14.685],[-91.487,14.695],[-91.487,14.711],[-91.507,14.69],[-91.514,14.686],[-91.521,14.685],[-91.523,14.682],[-91.517,14.675],[-91.52,14.671],[-91.534,14.663],[-91.541,14.657],[-91.546,14.656],[-91.563,14.63],[-91.566,14.61],[-91.571,14.604],[-91.572,14.597],[-91.573,14.576],[-91.576,14.57],[-91.578,14.559],[-91.581,14.555],[-91.581,14.552],[-91.585,14.543],[-91.589,14.538],[-91.589,14.531],[-91.587,14.529],[-91.588,14.527],[-91.587,14.523],[-91.584,14.519],[-91.584,14.515],[-91.583,14.513],[-91.582,14.504],[-91.584,14.503],[-91.581,14.501],[-91.585,14.494],[-91.582,14.491],[-91.583,14.489],[-91.581,14.489],[-91.58,14.488],[-91.58,14.482],[-91.583,14.479],[-91.584,14.475],[-91.581,14.473],[-91.581,14.467],[-91.584,14.464],[-91.581,14.46],[-91.582,14.458],[-91.581,14.452],[-91.582,14.448],[-91.581,14.444],[-91.583,14.437],[-91.584,14.436],[-91.584,14.429],[-91.586,14.424],[-91.583,14.421],[-91.584,14.42],[-91.583,14.417],[-91.585,14.417],[-91.584,14.415],[-91.585,14.413],[-91.583,14.407],[-91.59,14.4],[-91.588,14.398],[-91.59,14.396],[-91.589,14.392],[-91.597,14.388],[-91.595,14.387],[-91.595,14.384],[-91.596,14.383],[-91.593,14.38],[-91.592,14.377],[-91.596,14.373],[-91.594,14.371],[-91.596,14.365],[-91.598,14.365],[-91.596,14.359],[-91.601,14.358],[-91.601,14.357],[-91.598,14.355],[-91.599,14.352],[-91.596,14.351],[-91.597,14.35],[-91.598,14.351],[-91.599,14.35],[-91.597,14.347],[-91.6,14.344],[-91.595,14.342],[-91.595,14.339],[-91.592,14.342],[-91.588,14.339],[-91.591,14.338],[-91.593,14.339],[-91.594,14.337],[-91.593,14.335],[-91.596,14.332],[-91.593,14.329],[-91.597,14.329],[-91.598,14.327],[-91.594,14.325],[-91.595,14.323],[-91.597,14.322],[-91.596,14.32],[-91.599,14.32],[-91.599,14.318],[-91.602,14.319],[-91.604,14.318],[-91.605,14.313],[-91.607,14.314],[-91.608,14.31],[-91.605,14.309],[-91.608,14.307],[-91.606,14.301],[-91.61,14.3],[-91.611,14.297],[-91.609,14.295],[-91.611,14.29],[-91.612,14.289],[-91.614,14.293],[-91.616,14.293],[-91.613,14.286],[-91.616,14.287],[-91.618,14.285],[-91.619,14.285],[-91.619,14.281],[-91.617,14.281],[-91.62,14.277],[-91.618,14.272],[-91.621,14.274],[-91.621,14.27],[-91.622,14.27],[-91.625,14.267],[-91.622,14.263],[-91.624,14.262],[-91.626,14.263],[-91.626,14.261],[-91.624,14.26],[-91.625,14.258],[-91.623,14.257],[-91.624,14.255],[-91.622,14.25],[-91.626,14.245],[-91.624,14.244],[-91.621,14.245],[-91.623,14.236],[-91.621,14.235],[-91.621,14.232],[-91.623,14.231],[-91.62,14.228],[-91.622,14.226],[-91.621,14.224],[-91.623,14.223],[-91.62,14.221],[-91.622,14.22],[-91.621,14.216],[-91.623,14.214],[-91.622,14.212],[-91.625,14.211],[-91.624,14.207],[-91.627,14.204],[-91.625,14.203],[-91.627,14.203],[-91.626,14.201],[-91.627,14.202],[-91.629,14.199],[-91.632,14.199],[-91.632,14.195],[-91.634,14.196],[-91.637,14.192],[-91.638,14.194],[-91.642,14.192],[-91.64,14.191],[-91.642,14.187],[-91.641,14.185],[-91.64,14.185],[-91.642,14.183],[-91.643,14.183],[-91.645,14.181],[-91.645,14.179],[-91.642,14.179],[-91.642,14.176],[-91.645,14.176],[-91.644,14.175],[-91.641,14.174],[-91.64,14.172],[-91.642,14.171],[-91.643,14.173],[-91.645,14.17],[-91.646,14.171],[-91.648,14.169],[-91.647,14.168],[-91.649,14.167],[-91.648,14.166],[-91.651,14.165],[-91.649,14.164],[-91.649,14.162],[-91.652,14.162],[-91.651,14.16],[-91.653,14.159],[-91.651,14.158],[-91.652,14.156],[-91.651,14.154],[-91.66,14.147],[-91.666,14.138],[-91.665,14.134],[-91.66,14.131],[-91.659,14.128],[-91.665,14.124],[-91.669,14.125],[-91.596,14.077],[-91.548,14.049],[-91.536,14.044],[-91.531,14.05],[-91.532,14.055],[-91.535,14.06],[-91.531,14.071],[-91.533,14.082],[-91.52,14.092],[-91.509,14.104],[-91.503,14.12],[-91.488,14.133],[-91.486,14.152],[-91.46,14.179],[-91.457,14.183],[-91.455,14.193],[-91.448,14.198],[-91.448,14.203],[-91.453,14.207],[-91.453,14.209],[-91.447,14.211],[-91.445,14.214],[-91.446,14.22],[-91.45,14.227],[-91.448,14.239],[-91.452,14.25],[-91.449,14.255],[-91.454,14.269],[-91.459,14.268],[-91.463,14.27],[-91.454,14.282],[-91.455,14.293],[-91.461,14.294],[-91.458,14.3],[-91.46,14.305],[-91.45,14.312],[-91.448,14.317],[-91.442,14.321],[-91.434,14.323],[-91.43,14.288],[-91.428,14.283],[-91.421,14.284],[-91.411,14.29],[-91.395,14.337],[-91.389,14.336],[-91.387,14.339],[-91.385,14.348],[-91.385,14.355],[-91.383,14.358],[-91.376,14.36],[-91.373,14.375],[-91.364,14.377],[-91.36,14.38],[-91.348,14.381],[-91.331,14.395],[-91.327,14.398],[-91.323,14.398],[-91.323,14.396],[-91.333,14.384],[-91.335,14.379],[-91.331,14.376],[-91.334,14.372],[-91.335,14.366],[-91.34,14.357],[-91.34,14.352],[-91.337,14.34],[-91.345,14.327],[-91.342,14.318],[-91.332,14.322],[-91.32,14.318],[-91.282,14.309],[-91.28,14.314],[-91.28,14.322],[-91.276,14.328],[-91.268,14.329],[-91.268,14.336],[-91.257,14.336],[-91.256,14.333],[-91.263,14.319],[-91.262,14.312],[-91.265,14.304],[-91.158,14.285],[-91.154,14.288],[-91.148,14.283],[-91.146,14.287],[-91.145,14.295],[-91.147,14.298],[-91.146,14.305],[-91.14,14.311],[-91.142,14.314],[-91.138,14.315],[-91.138,14.321],[-91.131,14.321],[-91.128,14.332],[-91.129,14.342],[-91.125,14.357],[-91.132,14.362],[-91.132,14.37],[-91.137,14.375],[-91.121,14.389],[-91.118,14.398],[-91.113,14.404],[-91.107,14.41],[-91.101,14.412],[-91.097,14.418],[-91.1,14.428],[-91.096,14.433],[-91.094,14.444],[-91.096,14.449],[-91.103,14.449],[-91.107,14.452],[-91.131,14.457],[-91.126,14.468],[-91.126,14.473],[-91.123,14.477],[-91.123,14.483],[-91.12,14.49],[-91.124,14.497],[-91.126,14.511],[-91.119,14.515]]]}},{"type":"Feature","properties":{"nombre":"El Progreso","iso":"GT-PR"},"geometry":{"type":"Polygon","coordinates":[[[-89.92,15.14],[-89.913,15.116],[-89.904,15.097],[-89.902,15.088],[-89.907,15.085],[-89.917,15.084],[-89.933,15.085],[-89.946,15.083],[-89.965,15.076],[-90.009,15.076],[-90.017,15.066],[-90.027,15.063],[-90.035,15.057],[-90.045,15.052],[-90.05,15.046],[-90.062,15.042],[-90.069,15.041],[-90.085,15.046],[-90.12,15.037],[-90.116,15.027],[-90.121,15.027],[-90.194,15.0],[-90.314,14.918],[-90.321,14.906],[-90.318,14.902],[-90.32,14.899],[-90.316,14.898],[-90.313,14.895],[-90.309,14.895],[-90.303,14.889],[-90.304,14.887],[-90.303,14.886],[-90.308,14.879],[-90.312,14.879],[-90.313,14.877],[-90.316,14.876],[-90.325,14.876],[-90.328,14.879],[-90.332,14.879],[-90.336,14.879],[-90.341,14.874],[-90.343,14.875],[-90.348,14.873],[-90.355,14.874],[-90.361,14.872],[-90.364,14.875],[-90.369,14.873],[-90.371,14.872],[-90.376,14.873],[-90.379,14.874],[-90.386,14.873],[-90.394,14.874],[-90.404,14.867],[-90.405,14.863],[-90.403,14.862],[-90.403,14.859],[-90.401,14.858],[-90.404,14.855],[-90.402,14.849],[-90.403,14.846],[-90.383,14.844],[-90.371,14.847],[-90.36,14.845],[-90.355,14.847],[-90.348,14.846],[-90.347,14.844],[-90.339,14.842],[-90.331,14.833],[-90.328,14.832],[-90.327,14.829],[-90.324,14.83],[-90.325,14.825],[-90.324,14.821],[-90.335,14.814],[-90.339,14.806],[-90.339,14.803],[-90.333,14.798],[-90.332,14.795],[-90.334,14.791],[-90.334,14.788],[-90.337,14.784],[-90.337,14.78],[-90.339,14.779],[-90.339,14.776],[-90.335,14.77],[-90.334,14.764],[-90.33,14.761],[-90.323,14.745],[-90.322,14.735],[-90.306,14.724],[-90.296,14.723],[-90.288,14.713],[-90.261,14.705],[-90.238,14.702],[-90.227,14.696],[-90.204,14.682],[-90.203,14.676],[-90.192,14.648],[-90.19,14.652],[-90.19,14.667],[-90.187,14.676],[-90.184,14.679],[-90.181,14.705],[-90.109,14.717],[-90.089,14.71],[-90.072,14.712],[-90.049,14.752],[-89.986,14.771],[-89.955,14.816],[-89.936,14.821],[-89.925,14.836],[-89.911,14.849],[-89.874,14.872],[-89.862,14.872],[-89.819,14.906],[-89.815,14.916],[-89.82,14.921],[-89.819,14.933],[-89.821,14.933],[-89.826,14.941],[-89.829,14.941],[-89.865,15.022],[-89.827,15.012],[-89.781,15.012],[-89.81,15.049],[-89.829,15.066],[-89.893,15.14],[-89.92,15.14]]]}},{"type":"Feature","properties":{"nombre":"Zacapa","iso":"GT-ZA"},"geometry":{"type":"Polygon","coordinates":[[[-89.893,15.14],[-89.829,15.066],[-89.81,15.049],[-89.781,15.012],[-89.827,15.012],[-89.865,15.022],[-89.829,14.941],[-89.826,14.941],[-89.821,14.933],[-89.819,14.933],[-89.82,14.921],[-89.815,14.916],[-89.819,14.906],[-89.862,14.872],[-89.863,14.863],[-89.854,14.865],[-89.851,14.867],[-89.844,14.864],[-89.842,14.861],[-89.843,14.857],[-89.834,14.854],[-89.82,14.846],[-89.821,14.843],[-89.818,14.839],[-89.818,14.834],[-89.82,14.828],[-89.825,14.826],[-89.823,14.822],[-89.826,14.818],[-89.827,14.814],[-89.822,14.81],[-89.819,14.81],[-89.819,14.806],[-89.812,14.798],[-89.813,14.793],[-89.812,14.792],[-89.808,14.79],[-89.804,14.786],[-89.803,14.787],[-89.804,14.783],[-89.79,14.773],[-89.785,14.773],[-89.786,14.769],[-89.774,14.766],[-89.772,14.763],[-89.774,14.759],[-89.77,14.755],[-89.772,14.755],[-89.77,14.751],[-89.763,14.749],[-89.761,14.749],[-89.755,14.744],[-89.748,14.742],[-89.72,14.751],[-89.72,14.754],[-89.713,14.758],[-89.711,14.766],[-89.704,14.779],[-89.703,14.785],[-89.713,14.818],[-89.711,14.824],[-89.711,14.828],[-89.706,14.84],[-89.706,14.845],[-89.696,14.855],[-89.666,14.878],[-89.596,14.858],[-89.588,14.855],[-89.584,14.857],[-89.548,14.858],[-89.516,14.862],[-89.506,14.861],[-89.502,14.862],[-89.489,14.89],[-89.482,14.895],[-89.47,14.9],[-89.446,14.9],[-89.428,14.906],[-89.413,14.904],[-89.378,14.894],[-89.321,14.912],[-89.315,14.911],[-89.281,14.894],[-89.273,14.896],[-89.259,14.9],[-89.255,14.904],[-89.244,14.917],[-89.245,14.918],[-89.242,14.921],[-89.24,14.927],[-89.241,14.93],[-89.238,14.933],[-89.239,14.937],[-89.229,14.943],[-89.224,14.95],[-89.201,14.948],[-89.195,14.941],[-89.191,14.94],[-89.187,14.932],[-89.18,14.927],[-89.179,14.923],[-89.173,14.929],[-89.172,14.933],[-89.175,14.936],[-89.175,14.941],[-89.166,14.945],[-89.167,14.948],[-89.164,14.956],[-89.164,14.96],[-89.162,14.965],[-89.164,14.97],[-89.163,14.973],[-89.16,14.973],[-89.157,14.98],[-89.157,14.981],[-89.167,14.985],[-89.171,14.989],[-89.178,14.991],[-89.179,14.997],[-89.184,15.002],[-89.184,15.005],[-89.181,15.009],[-89.179,15.017],[-89.176,15.022],[-89.174,15.025],[-89.172,15.026],[-89.175,15.03],[-89.175,15.037],[-89.173,15.04],[-89.164,15.042],[-89.156,15.052],[-89.154,15.057],[-89.154,15.068],[-89.158,15.073],[-89.161,15.072],[-89.163,15.075],[-89.163,15.079],[-89.166,15.078],[-89.165,15.08],[-89.167,15.084],[-89.17,15.083],[-89.172,15.087],[-89.175,15.086],[-89.174,15.091],[-89.176,15.091],[-89.178,15.097],[-89.18,15.099],[-89.182,15.103],[-89.185,15.103],[-89.186,15.106],[-89.186,15.11],[-89.184,15.11],[-89.181,15.113],[-89.177,15.116],[-89.178,15.118],[-89.178,15.121],[-89.18,15.125],[-89.179,15.13],[-89.183,15.134],[-89.179,15.137],[-89.181,15.139],[-89.18,15.142],[-89.189,15.144],[-89.19,15.147],[-89.191,15.149],[-89.189,15.151],[-89.192,15.152],[-89.19,15.152],[-89.19,15.153],[-89.188,15.155],[-89.191,15.157],[-89.19,15.159],[-89.193,15.162],[-89.192,15.164],[-89.195,15.164],[-89.195,15.166],[-89.197,15.164],[-89.195,15.167],[-89.197,15.167],[-89.199,15.169],[-89.195,15.171],[-89.195,15.173],[-89.202,15.175],[-89.202,15.177],[-89.201,15.176],[-89.199,15.177],[-89.2,15.179],[-89.204,15.179],[-89.203,15.176],[-89.21,15.177],[-89.213,15.178],[-89.214,15.183],[-89.218,15.181],[-89.219,15.182],[-89.212,15.185],[-89.208,15.191],[-89.205,15.191],[-89.201,15.194],[-89.198,15.195],[-89.188,15.201],[-89.185,15.202],[-89.184,15.204],[-89.18,15.204],[-89.179,15.207],[-89.175,15.209],[-89.176,15.267],[-89.186,15.269],[-89.188,15.273],[-89.186,15.28],[-89.19,15.283],[-89.203,15.278],[-89.209,15.275],[-89.218,15.274],[-89.221,15.279],[-89.222,15.291],[-89.23,15.296],[-89.236,15.296],[-89.239,15.295],[-89.249,15.284],[-89.252,15.283],[-89.254,15.285],[-89.252,15.294],[-89.254,15.297],[-89.258,15.298],[-89.27,15.293],[-89.29,15.294],[-89.297,15.292],[-89.306,15.286],[-89.308,15.281],[-89.307,15.276],[-89.309,15.273],[-89.315,15.274],[-89.324,15.271],[-89.33,15.276],[-89.338,15.277],[-89.348,15.274],[-89.356,15.278],[-89.363,15.277],[-89.375,15.272],[-89.383,15.267],[-89.396,15.244],[-89.395,15.237],[-89.397,15.237],[-89.402,15.239],[-89.407,15.229],[-89.421,15.215],[-89.438,15.211],[-89.44,15.208],[-89.452,15.202],[-89.462,15.199],[-89.467,15.195],[-89.477,15.195],[-89.485,15.193],[-89.489,15.189],[-89.513,15.183],[-89.514,15.182],[-89.517,15.182],[-89.531,15.176],[-89.538,15.176],[-89.546,15.173],[-89.55,15.177],[-89.555,15.177],[-89.563,15.181],[-89.569,15.179],[-89.578,15.174],[-89.585,15.172],[-89.613,15.161],[-89.627,15.161],[-89.641,15.162],[-89.651,15.155],[-89.666,15.149],[-89.668,15.145],[-89.664,15.138],[-89.665,15.13],[-89.663,15.123],[-89.666,15.12],[-89.678,15.122],[-89.687,15.138],[-89.689,15.139],[-89.704,15.138],[-89.715,15.148],[-89.722,15.152],[-89.733,15.147],[-89.746,15.145],[-89.752,15.148],[-89.767,15.149],[-89.777,15.17],[-89.784,15.171],[-89.794,15.17],[-89.803,15.166],[-89.811,15.172],[-89.819,15.172],[-89.825,15.168],[-89.835,15.162],[-89.844,15.164],[-89.861,15.161],[-89.866,15.147],[-89.884,15.148],[-89.887,15.152],[-89.891,15.15],[-89.89,15.144],[-89.893,15.14]]]}},{"type":"Feature","properties":{"nombre":"Petén","iso":"GT-PE"},"geometry":{"type":"Polygon","coordinates":[[[-89.411,15.856],[-89.407,15.858],[-89.406,15.861],[-89.403,15.863],[-89.403,15.867],[-89.4,15.868],[-89.397,15.866],[-89.396,15.862],[-89.391,15.862],[-89.393,15.868],[-89.388,15.867],[-89.387,15.869],[-89.391,15.874],[-89.388,15.874],[-89.386,15.872],[-89.384,15.871],[-89.381,15.875],[-89.387,15.877],[-89.39,15.88],[-89.389,15.882],[-89.384,15.882],[-89.383,15.884],[-89.38,15.886],[-89.38,15.889],[-89.382,15.891],[-89.378,15.901],[-89.378,15.905],[-89.365,15.918],[-89.355,15.921],[-89.343,15.919],[-89.337,15.92],[-89.336,15.916],[-89.332,15.914],[-89.327,15.914],[-89.317,15.919],[-89.314,15.915],[-89.307,15.917],[-89.292,15.913],[-89.288,15.915],[-89.286,15.914],[-89.281,15.916],[-89.274,15.914],[-89.268,15.92],[-89.264,15.92],[-89.259,15.916],[-89.256,15.917],[-89.253,15.916],[-89.251,15.917],[-89.242,15.911],[-89.239,15.912],[-89.233,15.908],[-89.231,15.903],[-89.231,15.897],[-89.229,15.898],[-89.226,15.896],[-89.216,16.063],[-89.197,16.349],[-89.187,16.52],[-89.173,16.705],[-89.153,17.023],[-89.152,17.143],[-89.154,17.358],[-89.157,17.816],[-89.516,17.815],[-89.908,17.816],[-90.245,17.816],[-90.365,17.812],[-90.491,17.817],[-90.988,17.815],[-90.988,17.501],[-90.987,17.251],[-91.44,17.251],[-91.429,17.219],[-91.419,17.209],[-91.403,17.205],[-91.387,17.206],[-91.376,17.205],[-91.372,17.202],[-91.366,17.196],[-91.354,17.191],[-91.347,17.177],[-91.35,17.165],[-91.349,17.16],[-91.339,17.159],[-91.332,17.177],[-91.324,17.183],[-91.319,17.183],[-91.309,17.179],[-91.302,17.181],[-91.285,17.178],[-91.279,17.18],[-91.271,17.172],[-91.266,17.17],[-91.263,17.164],[-91.263,17.158],[-91.272,17.144],[-91.273,17.138],[-91.271,17.116],[-91.267,17.108],[-91.256,17.101],[-91.234,17.101],[-91.227,17.095],[-91.217,17.077],[-91.216,17.066],[-91.21,17.053],[-91.203,17.045],[-91.19,17.035],[-91.175,17.016],[-91.154,17.005],[-91.149,17.004],[-91.137,17.007],[-91.128,17.006],[-91.123,17.003],[-91.12,16.998],[-91.122,16.983],[-91.12,16.978],[-91.116,16.974],[-91.112,16.974],[-91.104,16.97],[-91.099,16.965],[-91.093,16.952],[-91.08,16.944],[-91.074,16.937],[-91.072,16.932],[-91.064,16.925],[-91.064,16.92],[-91.074,16.913],[-91.066,16.903],[-91.06,16.9],[-91.049,16.898],[-91.017,16.888],[-91.007,16.886],[-90.994,16.877],[-90.99,16.864],[-90.988,16.863],[-90.984,16.864],[-90.981,16.873],[-90.986,16.889],[-90.986,16.895],[-90.985,16.898],[-90.982,16.901],[-90.976,16.903],[-90.965,16.901],[-90.957,16.897],[-90.955,16.884],[-90.959,16.877],[-90.972,16.871],[-90.975,16.866],[-90.974,16.864],[-90.968,16.86],[-90.957,16.865],[-90.95,16.865],[-90.934,16.859],[-90.932,16.854],[-90.933,16.842],[-90.926,16.833],[-90.922,16.822],[-90.917,16.821],[-90.896,16.825],[-90.882,16.825],[-90.875,16.823],[-90.861,16.812],[-90.854,16.798],[-90.837,16.796],[-90.826,16.797],[-90.823,16.798],[-90.804,16.798],[-90.801,16.794],[-90.804,16.784],[-90.803,16.777],[-90.78,16.767],[-90.762,16.763],[-90.758,16.759],[-90.758,16.752],[-90.754,16.749],[-90.725,16.731],[-90.714,16.727],[-90.71,16.723],[-90.708,16.717],[-90.71,16.708],[-90.71,16.705],[-90.682,16.688],[-90.677,16.662],[-90.658,16.64],[-90.658,16.637],[-90.662,16.629],[-90.661,16.62],[-90.656,16.61],[-90.654,16.594],[-90.659,16.59],[-90.668,16.589],[-90.667,16.582],[-90.664,16.579],[-90.658,16.577],[-90.644,16.58],[-90.642,16.586],[-90.644,16.595],[-90.641,16.596],[-90.637,16.594],[-90.626,16.578],[-90.628,16.575],[-90.643,16.566],[-90.647,16.561],[-90.647,16.55],[-90.649,16.545],[-90.643,16.534],[-90.646,16.519],[-90.642,16.515],[-90.639,16.513],[-90.63,16.516],[-90.62,16.522],[-90.616,16.521],[-90.609,16.513],[-90.606,16.503],[-90.608,16.497],[-90.614,16.491],[-90.624,16.487],[-90.635,16.488],[-90.636,16.484],[-90.634,16.481],[-90.631,16.478],[-90.621,16.478],[-90.617,16.481],[-90.615,16.488],[-90.612,16.489],[-90.605,16.488],[-90.598,16.491],[-90.596,16.491],[-90.593,16.488],[-90.595,16.477],[-90.592,16.471],[-90.588,16.47],[-90.57,16.475],[-90.565,16.478],[-90.557,16.479],[-90.55,16.483],[-90.547,16.483],[-90.544,16.48],[-90.548,16.47],[-90.547,16.467],[-90.537,16.463],[-90.529,16.458],[-90.527,16.459],[-90.527,16.466],[-90.525,16.467],[-90.514,16.47],[-90.502,16.467],[-90.497,16.453],[-90.494,16.454],[-90.486,16.461],[-90.48,16.461],[-90.478,16.455],[-90.479,16.443],[-90.481,16.437],[-90.487,16.427],[-90.488,16.425],[-90.485,16.423],[-90.473,16.425],[-90.459,16.421],[-90.446,16.424],[-90.432,16.424],[-90.424,16.425],[-90.42,16.425],[-90.418,16.422],[-90.413,16.409],[-90.409,16.404],[-90.404,16.407],[-90.399,16.416],[-90.395,16.416],[-90.388,16.411],[-90.388,16.407],[-90.392,16.401],[-90.402,16.397],[-90.403,16.393],[-90.398,16.386],[-90.386,16.377],[-90.374,16.374],[-90.371,16.368],[-90.372,16.363],[-90.375,16.359],[-90.38,16.358],[-90.382,16.36],[-90.387,16.37],[-90.397,16.373],[-90.401,16.371],[-90.411,16.361],[-90.413,16.355],[-90.411,16.347],[-90.408,16.346],[-90.408,16.348],[-90.409,16.356],[-90.409,16.36],[-90.407,16.361],[-90.404,16.361],[-90.402,16.36],[-90.4,16.349],[-90.396,16.347],[-90.384,16.345],[-90.382,16.338],[-90.385,16.334],[-90.388,16.333],[-90.395,16.337],[-90.4,16.337],[-90.405,16.33],[-90.412,16.325],[-90.409,16.313],[-90.413,16.306],[-90.419,16.304],[-90.429,16.304],[-90.438,16.3],[-90.439,16.299],[-90.435,16.297],[-90.433,16.293],[-90.435,16.291],[-90.434,16.289],[-90.441,16.284],[-90.441,16.279],[-90.432,16.273],[-90.428,16.273],[-90.423,16.259],[-90.426,16.254],[-90.43,16.253],[-90.441,16.26],[-90.447,16.26],[-90.452,16.254],[-90.455,16.245],[-90.454,16.242],[-90.45,16.241],[-90.445,16.248],[-90.442,16.248],[-90.439,16.24],[-90.431,16.236],[-90.429,16.234],[-90.431,16.229],[-90.441,16.23],[-90.453,16.222],[-90.456,16.214],[-90.457,16.208],[-90.454,16.186],[-90.449,16.183],[-90.443,16.182],[-90.432,16.177],[-90.428,16.173],[-90.426,16.164],[-90.428,16.161],[-90.439,16.154],[-90.448,16.154],[-90.451,16.149],[-90.451,16.146],[-90.449,16.144],[-90.434,16.142],[-90.43,16.139],[-90.432,16.13],[-90.431,16.12],[-90.435,16.117],[-90.439,16.117],[-90.45,16.124],[-90.454,16.124],[-90.459,16.111],[-90.457,16.102],[-90.458,16.095],[-90.455,16.093],[-90.449,16.094],[-90.444,16.1],[-90.434,16.107],[-90.428,16.106],[-90.426,16.103],[-90.427,16.097],[-90.438,16.094],[-90.447,16.082],[-90.442,16.074],[-90.213,16.045],[-90.045,15.991],[-90.039,16.001],[-90.039,16.011],[-90.035,16.016],[-90.03,16.009],[-90.027,16.008],[-90.015,16.011],[-90.013,16.01],[-90.01,16.002],[-90.017,15.996],[-90.015,15.992],[-90.012,15.992],[-90.005,16.0],[-89.999,15.998],[-89.992,16.001],[-89.989,16.0],[-89.988,15.994],[-89.983,15.995],[-89.983,15.991],[-89.982,15.99],[-89.98,15.99],[-89.979,15.995],[-89.983,15.999],[-89.981,16.005],[-89.982,16.007],[-89.988,16.007],[-89.988,16.009],[-89.982,16.014],[-89.979,16.014],[-89.977,16.007],[-89.97,16.008],[-89.962,16.003],[-89.961,15.998],[-89.966,15.995],[-89.968,15.988],[-89.967,15.987],[-89.964,15.987],[-89.959,15.991],[-89.954,15.992],[-89.955,15.989],[-89.959,15.988],[-89.963,15.98],[-89.959,15.978],[-89.951,15.979],[-89.948,15.978],[-89.947,15.975],[-89.948,15.967],[-89.946,15.966],[-89.944,15.97],[-89.939,15.972],[-89.937,15.97],[-89.938,15.964],[-89.932,15.965],[-89.932,15.972],[-89.929,15.974],[-89.923,15.965],[-89.92,15.965],[-89.917,15.969],[-89.915,15.968],[-89.915,15.96],[-89.912,15.959],[-89.909,15.962],[-89.907,15.962],[-89.905,15.96],[-89.906,15.954],[-89.901,15.953],[-89.897,15.957],[-89.9,15.962],[-89.9,15.966],[-89.896,15.967],[-89.892,15.965],[-89.89,15.957],[-89.887,15.955],[-89.894,15.952],[-89.897,15.948],[-89.897,15.946],[-89.893,15.947],[-89.884,15.942],[-89.884,15.941],[-89.888,15.939],[-89.888,15.937],[-89.879,15.938],[-89.874,15.931],[-89.871,15.934],[-89.868,15.922],[-89.873,15.918],[-89.871,15.917],[-89.869,15.912],[-89.864,15.913],[-89.864,15.912],[-89.865,15.911],[-89.864,15.91],[-89.865,15.908],[-89.861,15.909],[-89.861,15.907],[-89.857,15.906],[-89.858,15.904],[-89.852,15.905],[-89.852,15.908],[-89.846,15.91],[-89.838,15.907],[-89.824,15.907],[-89.825,15.911],[-89.819,15.909],[-89.816,15.91],[-89.81,15.907],[-89.806,15.909],[-89.805,15.907],[-89.793,15.908],[-89.792,15.916],[-89.785,15.916],[-89.786,15.919],[-89.78,15.923],[-89.777,15.922],[-89.772,15.924],[-89.77,15.921],[-89.767,15.921],[-89.768,15.919],[-89.76,15.921],[-89.759,15.924],[-89.757,15.927],[-89.758,15.929],[-89.757,15.932],[-89.756,15.93],[-89.754,15.932],[-89.751,15.933],[-89.749,15.939],[-89.748,15.939],[-89.748,15.942],[-89.746,15.943],[-89.744,15.942],[-89.741,15.944],[-89.748,15.951],[-89.74,15.959],[-89.738,15.959],[-89.734,15.962],[-89.733,15.962],[-89.73,15.965],[-89.728,15.964],[-89.721,15.966],[-89.715,15.965],[-89.715,15.964],[-89.718,15.964],[-89.715,15.963],[-89.714,15.964],[-89.714,15.967],[-89.712,15.967],[-89.711,15.964],[-89.708,15.963],[-89.707,15.96],[-89.704,15.96],[-89.701,15.964],[-89.703,15.968],[-89.699,15.973],[-89.698,15.976],[-89.696,15.975],[-89.694,15.977],[-89.69,15.978],[-89.69,15.979],[-89.688,15.98],[-89.686,15.978],[-89.685,15.979],[-89.683,15.979],[-89.68,15.977],[-89.678,15.972],[-89.672,15.974],[-89.666,15.974],[-89.666,15.977],[-89.664,15.978],[-89.665,15.98],[-89.662,15.982],[-89.66,15.979],[-89.657,15.978],[-89.657,15.977],[-89.655,15.977],[-89.652,15.973],[-89.649,15.978],[-89.65,15.98],[-89.649,15.981],[-89.649,15.986],[-89.646,15.986],[-89.648,15.991],[-89.647,15.992],[-89.645,15.99],[-89.644,15.992],[-89.641,15.992],[-89.642,15.994],[-89.639,15.995],[-89.642,16.0],[-89.638,15.999],[-89.636,16.002],[-89.635,16.005],[-89.639,16.009],[-89.638,16.014],[-89.635,16.014],[-89.634,16.016],[-89.63,16.016],[-89.628,16.018],[-89.626,16.015],[-89.619,16.016],[-89.617,16.015],[-89.617,16.011],[-89.612,16.012],[-89.613,16.014],[-89.61,16.012],[-89.606,16.014],[-89.603,16.01],[-89.6,16.01],[-89.598,16.014],[-89.596,16.014],[-89.594,16.013],[-89.594,16.007],[-89.591,16.007],[-89.59,16.013],[-89.592,16.013],[-89.597,16.019],[-89.588,16.017],[-89.588,16.012],[-89.582,16.01],[-89.582,16.014],[-89.576,16.015],[-89.575,16.019],[-89.565,16.031],[-89.564,16.028],[-89.562,16.031],[-89.559,16.029],[-89.558,16.032],[-89.555,16.029],[-89.551,16.03],[-89.547,16.028],[-89.549,16.031],[-89.546,16.032],[-89.549,16.036],[-89.549,16.042],[-89.546,16.04],[-89.542,16.042],[-89.54,16.045],[-89.537,16.045],[-89.536,16.047],[-89.529,16.051],[-89.528,16.053],[-89.527,16.051],[-89.524,16.051],[-89.523,16.049],[-89.52,16.047],[-89.519,16.044],[-89.513,16.044],[-89.51,16.043],[-89.512,16.037],[-89.511,16.036],[-89.508,16.036],[-89.508,16.039],[-89.504,16.039],[-89.504,16.045],[-89.502,16.045],[-89.5,16.041],[-89.5,15.844],[-89.498,15.847],[-89.493,15.85],[-89.493,15.851],[-89.491,15.851],[-89.492,15.852],[-89.489,15.853],[-89.49,15.855],[-89.488,15.855],[-89.488,15.853],[-89.484,15.854],[-89.483,15.857],[-89.48,15.858],[-89.479,15.861],[-89.477,15.86],[-89.472,15.861],[-89.471,15.859],[-89.467,15.861],[-89.464,15.861],[-89.46,15.85],[-89.457,15.848],[-89.45,15.848],[-89.449,15.85],[-89.446,15.851],[-89.443,15.847],[-89.439,15.851],[-89.44,15.852],[-89.438,15.855],[-89.435,15.854],[-89.431,15.857],[-89.429,15.856],[-89.43,15.858],[-89.428,15.861],[-89.426,15.859],[-89.422,15.859],[-89.419,15.86],[-89.417,15.858],[-89.415,15.86],[-89.411,15.856]]]}},{"type":"Feature","properties":{"nombre":"Quiché","iso":"GT-QC"},"geometry":{"type":"Polygon","coordinates":[[[-90.442,16.074],[-90.444,16.074],[-90.444,16.073],[-91.108,16.073],[-91.109,16.071],[-91.112,16.067],[-91.111,16.061],[-91.106,16.053],[-91.119,16.042],[-91.116,16.038],[-91.118,16.035],[-91.126,16.034],[-91.132,16.031],[-91.131,16.027],[-91.124,16.024],[-91.127,16.016],[-91.129,16.0],[-91.121,15.997],[-91.107,15.995],[-91.101,15.981],[-91.095,15.978],[-91.098,15.972],[-91.097,15.97],[-91.061,15.968],[-91.067,15.947],[-91.046,15.938],[-91.052,15.915],[-91.059,15.919],[-91.093,15.801],[-91.144,15.833],[-91.152,15.832],[-91.148,15.821],[-91.148,15.819],[-91.155,15.809],[-91.169,15.8],[-91.169,15.798],[-91.162,15.796],[-91.153,15.79],[-91.14,15.776],[-91.157,15.752],[-91.158,15.716],[-91.184,15.666],[-91.191,15.668],[-91.197,15.667],[-91.199,15.657],[-91.209,15.655],[-91.213,15.652],[-91.221,15.637],[-91.235,15.625],[-91.24,15.626],[-91.258,15.624],[-91.275,15.606],[-91.275,15.601],[-91.263,15.595],[-91.282,15.576],[-91.297,15.568],[-91.305,15.559],[-91.313,15.536],[-91.313,15.521],[-91.311,15.511],[-91.312,15.508],[-91.311,15.504],[-91.311,15.477],[-91.316,15.472],[-91.315,15.463],[-91.313,15.455],[-91.293,15.428],[-91.28,15.42],[-91.247,15.388],[-91.218,15.388],[-91.171,15.391],[-91.165,15.386],[-91.16,15.377],[-91.147,15.374],[-91.158,15.362],[-91.164,15.351],[-91.178,15.336],[-91.184,15.317],[-91.184,15.3],[-91.189,15.287],[-91.196,15.286],[-91.219,15.286],[-91.232,15.285],[-91.265,15.268],[-91.283,15.281],[-91.289,15.281],[-91.307,15.273],[-91.321,15.272],[-91.326,15.265],[-91.319,15.254],[-91.311,15.244],[-91.314,15.236],[-91.314,15.231],[-91.317,15.228],[-91.318,15.22],[-91.321,15.213],[-91.317,15.209],[-91.319,15.201],[-91.31,15.199],[-91.309,15.195],[-91.302,15.188],[-91.299,15.187],[-91.297,15.177],[-91.292,15.173],[-91.29,15.168],[-91.285,15.163],[-91.269,15.158],[-91.267,15.161],[-91.263,15.161],[-91.259,15.155],[-91.254,15.153],[-91.252,15.145],[-91.245,15.142],[-91.241,15.143],[-91.239,15.137],[-91.236,15.137],[-91.235,15.131],[-91.228,15.123],[-91.223,15.119],[-91.206,15.113],[-91.205,15.111],[-91.214,15.1],[-91.225,15.103],[-91.249,15.111],[-91.251,15.115],[-91.253,15.123],[-91.258,15.125],[-91.264,15.05],[-91.272,15.035],[-91.264,15.022],[-91.264,15.001],[-91.263,14.995],[-91.255,14.98],[-91.237,14.985],[-91.233,14.977],[-91.241,14.964],[-91.239,14.945],[-91.224,14.942],[-91.216,14.933],[-91.175,14.893],[-91.173,14.891],[-91.161,14.89],[-91.159,14.889],[-91.155,14.876],[-91.156,14.871],[-91.151,14.867],[-91.141,14.862],[-91.138,14.867],[-91.135,14.868],[-91.132,14.867],[-91.125,14.853],[-91.103,14.835],[-91.088,14.821],[-91.072,14.802],[-91.049,14.809],[-91.025,14.824],[-91.025,14.826],[-91.034,14.831],[-91.034,14.835],[-91.042,14.839],[-91.046,14.846],[-91.044,14.851],[-91.041,14.855],[-91.041,14.86],[-91.034,14.866],[-91.034,14.869],[-91.033,14.871],[-91.03,14.871],[-91.029,14.877],[-91.026,14.878],[-91.024,14.877],[-91.021,14.88],[-91.02,14.885],[-91.023,14.888],[-91.023,14.897],[-91.024,14.9],[-91.023,14.901],[-91.026,14.904],[-91.025,14.905],[-91.025,14.907],[-91.022,14.91],[-91.019,14.909],[-91.018,14.91],[-91.019,14.913],[-91.015,14.918],[-91.015,14.922],[-91.013,14.923],[-91.014,14.926],[-91.012,14.932],[-91.002,14.933],[-91.002,14.935],[-90.997,14.938],[-90.992,14.936],[-90.99,14.937],[-90.989,14.934],[-90.984,14.936],[-90.974,14.935],[-90.973,14.932],[-90.971,14.933],[-90.966,14.93],[-90.964,14.926],[-90.956,14.924],[-90.955,14.925],[-90.951,14.922],[-90.944,14.926],[-90.943,14.923],[-90.941,14.924],[-90.935,14.924],[-90.931,14.921],[-90.927,14.921],[-90.922,14.922],[-90.919,14.92],[-90.917,14.92],[-90.917,14.925],[-90.912,14.924],[-90.91,14.926],[-90.905,14.928],[-90.906,14.929],[-90.902,14.929],[-90.9,14.931],[-90.893,14.93],[-90.887,14.935],[-90.881,14.933],[-90.872,14.936],[-90.87,14.933],[-90.866,14.931],[-90.864,14.932],[-90.854,14.931],[-90.852,14.928],[-90.848,14.928],[-90.848,14.926],[-90.843,14.927],[-90.84,14.925],[-90.831,14.927],[-90.827,14.925],[-90.825,14.927],[-90.821,14.923],[-90.82,14.925],[-90.814,14.924],[-90.813,14.925],[-90.811,14.922],[-90.807,14.924],[-90.803,14.924],[-90.8,14.922],[-90.797,14.923],[-90.795,14.921],[-90.792,14.922],[-90.786,14.918],[-90.78,14.92],[-90.78,14.922],[-90.774,14.924],[-90.77,14.928],[-90.763,14.924],[-90.761,14.925],[-90.753,14.924],[-90.748,14.918],[-90.743,14.915],[-90.738,14.916],[-90.732,14.914],[-90.728,14.916],[-90.726,14.914],[-90.722,14.916],[-90.72,14.915],[-90.716,14.916],[-90.711,14.909],[-90.703,14.909],[-90.7,14.907],[-90.699,14.91],[-90.696,14.907],[-90.691,14.91],[-90.689,14.909],[-90.687,14.905],[-90.68,14.901],[-90.679,14.899],[-90.669,14.895],[-90.664,14.89],[-90.659,14.889],[-90.653,14.885],[-90.65,14.886],[-90.646,14.891],[-90.643,14.89],[-90.64,14.89],[-90.637,14.888],[-90.633,14.89],[-90.631,14.885],[-90.625,14.887],[-90.625,14.888],[-90.622,14.888],[-90.618,14.898],[-90.615,14.901],[-90.617,14.915],[-90.63,14.92],[-90.637,14.925],[-90.636,14.93],[-90.641,14.938],[-90.642,14.946],[-90.646,14.953],[-90.656,14.956],[-90.66,14.963],[-90.658,14.986],[-90.653,14.988],[-90.655,14.991],[-90.654,14.996],[-90.75,15.064],[-90.776,15.103],[-90.806,15.153],[-90.809,15.235],[-90.804,15.232],[-90.792,15.238],[-90.784,15.232],[-90.777,15.22],[-90.763,15.222],[-90.759,15.219],[-90.752,15.221],[-90.736,15.212],[-90.733,15.205],[-90.729,15.205],[-90.726,15.207],[-90.722,15.205],[-90.718,15.207],[-90.711,15.204],[-90.704,15.207],[-90.697,15.205],[-90.683,15.204],[-90.679,15.206],[-90.667,15.207],[-90.66,15.207],[-90.658,15.206],[-90.648,15.211],[-90.644,15.212],[-90.643,15.207],[-90.635,15.207],[-90.633,15.212],[-90.627,15.209],[-90.626,15.207],[-90.621,15.206],[-90.609,15.206],[-90.604,15.199],[-90.599,15.199],[-90.595,15.205],[-90.592,15.207],[-90.59,15.214],[-90.587,15.213],[-90.584,15.209],[-90.576,15.209],[-90.571,15.211],[-90.562,15.203],[-90.553,15.202],[-90.542,15.205],[-90.532,15.212],[-90.528,15.216],[-90.526,15.221],[-90.523,15.224],[-90.522,15.235],[-90.515,15.238],[-90.516,15.243],[-90.509,15.247],[-90.506,15.256],[-90.498,15.259],[-90.495,15.264],[-90.491,15.266],[-90.492,15.274],[-90.488,15.275],[-90.485,15.283],[-90.484,15.29],[-90.476,15.302],[-90.48,15.322],[-90.499,15.333],[-90.505,15.331],[-90.511,15.335],[-90.529,15.339],[-90.537,15.34],[-90.545,15.338],[-90.552,15.339],[-90.556,15.337],[-90.563,15.341],[-90.568,15.339],[-90.576,15.34],[-90.582,15.343],[-90.586,15.341],[-90.593,15.342],[-90.596,15.339],[-90.602,15.341],[-90.608,15.34],[-90.624,15.346],[-90.645,15.347],[-90.656,15.355],[-90.666,15.354],[-90.675,15.359],[-90.68,15.359],[-90.691,15.363],[-90.694,15.372],[-90.702,15.377],[-90.703,15.38],[-90.708,15.384],[-90.712,15.401],[-90.709,15.412],[-90.713,15.414],[-90.712,15.42],[-90.704,15.429],[-90.699,15.438],[-90.699,15.441],[-90.672,15.437],[-90.667,15.435],[-90.663,15.431],[-90.649,15.449],[-90.649,15.455],[-90.651,15.464],[-90.642,15.476],[-90.637,15.486],[-90.628,15.49],[-90.626,15.495],[-90.62,15.501],[-90.613,15.499],[-90.612,15.502],[-90.606,15.505],[-90.605,15.507],[-90.606,15.512],[-90.604,15.518],[-90.608,15.527],[-90.608,15.537],[-90.614,15.548],[-90.613,15.553],[-90.615,15.555],[-90.614,15.556],[-90.618,15.564],[-90.619,15.57],[-90.624,15.575],[-90.635,15.577],[-90.64,15.579],[-90.642,15.583],[-90.642,15.589],[-90.634,15.593],[-90.632,15.596],[-90.632,15.602],[-90.63,15.604],[-90.632,15.606],[-90.63,15.612],[-90.636,15.612],[-90.639,15.613],[-90.638,15.615],[-90.639,15.617],[-90.644,15.62],[-90.646,15.63],[-90.645,15.634],[-90.65,15.637],[-90.657,15.639],[-90.66,15.642],[-90.66,15.644],[-90.655,15.646],[-90.657,15.65],[-90.668,15.652],[-90.691,15.65],[-90.695,15.652],[-90.696,15.655],[-90.7,15.653],[-90.709,15.657],[-90.734,15.662],[-90.756,15.669],[-90.775,15.677],[-90.783,15.679],[-90.789,15.678],[-90.794,15.679],[-90.794,15.685],[-90.79,15.692],[-90.779,15.704],[-90.775,15.704],[-90.772,15.703],[-90.771,15.704],[-90.772,15.707],[-90.78,15.714],[-90.784,15.721],[-90.787,15.721],[-90.794,15.717],[-90.798,15.72],[-90.793,15.724],[-90.79,15.724],[-90.786,15.722],[-90.779,15.725],[-90.779,15.73],[-90.783,15.737],[-90.784,15.744],[-90.787,15.744],[-90.794,15.748],[-90.798,15.748],[-90.802,15.743],[-90.806,15.741],[-90.813,15.743],[-90.821,15.749],[-90.82,15.751],[-90.811,15.755],[-90.808,15.771],[-90.795,15.774],[-90.795,15.783],[-90.791,15.785],[-90.788,15.788],[-90.784,15.789],[-90.783,15.795],[-90.778,15.797],[-90.777,15.8],[-90.782,15.804],[-90.782,15.806],[-90.78,15.81],[-90.779,15.816],[-90.773,15.818],[-90.773,15.822],[-90.768,15.831],[-90.76,15.838],[-90.757,15.837],[-90.754,15.835],[-90.751,15.835],[-90.749,15.84],[-90.746,15.843],[-90.742,15.842],[-90.741,15.848],[-90.737,15.85],[-90.73,15.861],[-90.731,15.865],[-90.739,15.869],[-90.738,15.872],[-90.736,15.873],[-90.735,15.876],[-90.737,15.882],[-90.74,15.884],[-90.745,15.886],[-90.756,15.883],[-90.759,15.885],[-90.76,15.888],[-90.752,15.907],[-90.753,15.917],[-90.75,15.922],[-90.738,15.93],[-90.737,15.94],[-90.733,15.946],[-90.735,15.949],[-90.738,15.949],[-90.744,15.943],[-90.746,15.943],[-90.748,15.945],[-90.753,15.955],[-90.76,15.959],[-90.761,15.962],[-90.759,15.965],[-90.75,15.969],[-90.743,15.967],[-90.737,15.969],[-90.736,15.974],[-90.738,15.98],[-90.734,15.984],[-90.727,15.984],[-90.72,15.979],[-90.714,15.977],[-90.709,15.973],[-90.703,15.975],[-90.702,15.982],[-90.708,15.989],[-90.708,15.995],[-90.703,15.999],[-90.695,15.997],[-90.694,16.005],[-90.695,16.008],[-90.701,16.015],[-90.701,16.02],[-90.698,16.018],[-90.694,16.017],[-90.682,16.022],[-90.681,16.025],[-90.673,16.03],[-90.669,16.039],[-90.659,16.035],[-90.655,16.041],[-90.653,16.042],[-90.651,16.038],[-90.647,16.036],[-90.635,16.04],[-90.63,16.034],[-90.617,16.024],[-90.613,16.024],[-90.604,16.036],[-90.6,16.037],[-90.596,16.034],[-90.598,16.029],[-90.595,16.024],[-90.596,16.019],[-90.598,16.017],[-90.606,16.02],[-90.611,16.018],[-90.612,16.014],[-90.61,16.012],[-90.605,16.011],[-90.592,16.015],[-90.585,16.014],[-90.582,16.009],[-90.576,16.006],[-90.575,16.002],[-90.577,15.997],[-90.576,15.996],[-90.568,15.996],[-90.564,16.002],[-90.561,16.003],[-90.558,15.994],[-90.555,15.995],[-90.553,16.002],[-90.55,16.003],[-90.546,16.003],[-90.544,15.997],[-90.541,15.995],[-90.54,15.997],[-90.54,16.001],[-90.538,16.004],[-90.532,16.004],[-90.526,16.0],[-90.518,16.002],[-90.518,15.999],[-90.524,15.991],[-90.523,15.99],[-90.516,15.994],[-90.507,15.993],[-90.505,16.001],[-90.501,16.001],[-90.499,15.997],[-90.499,15.992],[-90.503,15.991],[-90.506,15.988],[-90.514,15.984],[-90.514,15.983],[-90.511,15.983],[-90.506,15.984],[-90.499,15.988],[-90.495,16.0],[-90.491,16.006],[-90.491,16.012],[-90.488,16.016],[-90.48,16.018],[-90.476,16.016],[-90.474,16.005],[-90.471,16.003],[-90.465,16.006],[-90.457,16.016],[-90.454,16.017],[-90.45,16.014],[-90.446,16.015],[-90.44,16.022],[-90.44,16.03],[-90.433,16.03],[-90.427,16.023],[-90.424,16.022],[-90.424,16.029],[-90.428,16.039],[-90.435,16.042],[-90.44,16.041],[-90.443,16.044],[-90.441,16.046],[-90.435,16.044],[-90.432,16.046],[-90.429,16.05],[-90.428,16.056],[-90.419,16.063],[-90.418,16.067],[-90.42,16.069],[-90.424,16.07],[-90.428,16.068],[-90.432,16.063],[-90.435,16.062],[-90.438,16.065],[-90.442,16.074]]]}},{"type":"Feature","properties":{"nombre":"Chiquimula","iso":"GT-CQ"},"geometry":{"type":"Polygon","coordinates":[[[-89.72,14.751],[-89.708,14.748],[-89.688,14.748],[-89.68,14.757],[-89.67,14.757],[-89.661,14.755],[-89.66,14.748],[-89.656,14.743],[-89.66,14.729],[-89.661,14.705],[-89.655,14.704],[-89.648,14.706],[-89.651,14.657],[-89.66,14.644],[-89.659,14.638],[-89.664,14.63],[-89.662,14.618],[-89.694,14.557],[-89.682,14.544],[-89.679,14.543],[-89.682,14.531],[-89.64,14.563],[-89.615,14.551],[-89.62,14.511],[-89.519,14.514],[-89.507,14.509],[-89.507,14.508],[-89.506,14.508],[-89.506,14.506],[-89.508,14.505],[-89.506,14.502],[-89.504,14.504],[-89.503,14.502],[-89.505,14.501],[-89.505,14.497],[-89.509,14.496],[-89.507,14.495],[-89.513,14.489],[-89.514,14.486],[-89.511,14.482],[-89.509,14.483],[-89.503,14.477],[-89.501,14.478],[-89.499,14.476],[-89.5,14.472],[-89.503,14.473],[-89.504,14.471],[-89.503,14.469],[-89.501,14.47],[-89.5,14.469],[-89.501,14.467],[-89.498,14.466],[-89.503,14.454],[-89.501,14.452],[-89.502,14.448],[-89.506,14.44],[-89.52,14.432],[-89.522,14.428],[-89.519,14.424],[-89.52,14.42],[-89.517,14.421],[-89.517,14.419],[-89.513,14.418],[-89.513,14.41],[-89.51,14.407],[-89.508,14.41],[-89.501,14.406],[-89.499,14.409],[-89.497,14.41],[-89.492,14.417],[-89.492,14.42],[-89.485,14.42],[-89.483,14.422],[-89.477,14.424],[-89.476,14.427],[-89.474,14.426],[-89.471,14.43],[-89.463,14.424],[-89.446,14.42],[-89.443,14.418],[-89.442,14.415],[-89.44,14.415],[-89.439,14.412],[-89.435,14.412],[-89.433,14.414],[-89.429,14.415],[-89.426,14.417],[-89.426,14.419],[-89.422,14.421],[-89.42,14.421],[-89.419,14.423],[-89.416,14.424],[-89.415,14.426],[-89.413,14.427],[-89.412,14.433],[-89.407,14.432],[-89.402,14.447],[-89.398,14.447],[-89.393,14.451],[-89.387,14.446],[-89.385,14.428],[-89.38,14.438],[-89.374,14.432],[-89.372,14.429],[-89.355,14.421],[-89.35,14.429],[-89.349,14.438],[-89.351,14.445],[-89.355,14.447],[-89.353,14.449],[-89.353,14.452],[-89.352,14.453],[-89.354,14.459],[-89.353,14.461],[-89.354,14.462],[-89.353,14.463],[-89.356,14.465],[-89.356,14.468],[-89.35,14.473],[-89.348,14.472],[-89.339,14.477],[-89.335,14.477],[-89.33,14.481],[-89.329,14.482],[-89.322,14.484],[-89.316,14.489],[-89.312,14.489],[-89.308,14.491],[-89.308,14.493],[-89.306,14.493],[-89.305,14.494],[-89.302,14.494],[-89.305,14.507],[-89.301,14.507],[-89.295,14.511],[-89.291,14.516],[-89.288,14.516],[-89.285,14.522],[-89.286,14.525],[-89.283,14.53],[-89.284,14.533],[-89.279,14.536],[-89.279,14.538],[-89.278,14.538],[-89.276,14.542],[-89.274,14.543],[-89.27,14.547],[-89.264,14.547],[-89.257,14.56],[-89.254,14.56],[-89.252,14.561],[-89.252,14.565],[-89.254,14.568],[-89.249,14.571],[-89.248,14.576],[-89.246,14.577],[-89.245,14.578],[-89.24,14.58],[-89.239,14.585],[-89.204,14.583],[-89.194,14.577],[-89.189,14.578],[-89.178,14.573],[-89.169,14.574],[-89.168,14.572],[-89.16,14.574],[-89.16,14.579],[-89.157,14.581],[-89.159,14.584],[-89.154,14.584],[-89.155,14.588],[-89.153,14.591],[-89.154,14.593],[-89.153,14.598],[-89.149,14.603],[-89.152,14.606],[-89.148,14.611],[-89.152,14.612],[-89.153,14.613],[-89.152,14.614],[-89.156,14.618],[-89.151,14.62],[-89.15,14.623],[-89.147,14.626],[-89.147,14.63],[-89.15,14.636],[-89.151,14.644],[-89.155,14.652],[-89.155,14.656],[-89.154,14.658],[-89.157,14.667],[-89.157,14.671],[-89.157,14.673],[-89.154,14.673],[-89.148,14.676],[-89.132,14.711],[-89.163,14.728],[-89.166,14.731],[-89.169,14.774],[-89.179,14.782],[-89.194,14.797],[-89.222,14.83],[-89.225,14.834],[-89.228,14.873],[-89.228,14.883],[-89.225,14.887],[-89.214,14.891],[-89.204,14.902],[-89.194,14.902],[-89.184,14.907],[-89.182,14.91],[-89.182,14.916],[-89.179,14.917],[-89.179,14.923],[-89.18,14.927],[-89.187,14.932],[-89.191,14.94],[-89.195,14.941],[-89.201,14.948],[-89.224,14.95],[-89.229,14.943],[-89.239,14.937],[-89.238,14.933],[-89.241,14.93],[-89.24,14.927],[-89.242,14.921],[-89.245,14.918],[-89.244,14.917],[-89.255,14.904],[-89.259,14.9],[-89.273,14.896],[-89.281,14.894],[-89.315,14.911],[-89.321,14.912],[-89.378,14.894],[-89.413,14.904],[-89.428,14.906],[-89.446,14.9],[-89.47,14.9],[-89.482,14.895],[-89.489,14.89],[-89.502,14.862],[-89.506,14.861],[-89.516,14.862],[-89.548,14.858],[-89.584,14.857],[-89.588,14.855],[-89.596,14.858],[-89.666,14.878],[-89.696,14.855],[-89.706,14.845],[-89.706,14.84],[-89.711,14.828],[-89.711,14.824],[-89.713,14.818],[-89.703,14.785],[-89.704,14.779],[-89.711,14.766],[-89.713,14.758],[-89.72,14.754],[-89.72,14.751]]]}},{"type":"Feature","properties":{"nombre":"Sacatepéquez","iso":"GT-SA"},"geometry":{"type":"Polygon","coordinates":[[[-90.651,14.452],[-90.671,14.478],[-90.667,14.501],[-90.659,14.513],[-90.663,14.528],[-90.659,14.531],[-90.652,14.541],[-90.651,14.546],[-90.656,14.556],[-90.648,14.56],[-90.644,14.559],[-90.642,14.561],[-90.642,14.564],[-90.659,14.571],[-90.663,14.577],[-90.664,14.586],[-90.661,14.588],[-90.653,14.59],[-90.644,14.587],[-90.634,14.582],[-90.628,14.568],[-90.625,14.567],[-90.623,14.568],[-90.625,14.583],[-90.621,14.586],[-90.609,14.584],[-90.603,14.588],[-90.605,14.592],[-90.625,14.598],[-90.632,14.604],[-90.634,14.614],[-90.63,14.616],[-90.627,14.62],[-90.627,14.624],[-90.632,14.627],[-90.634,14.626],[-90.64,14.631],[-90.631,14.653],[-90.632,14.659],[-90.642,14.664],[-90.666,14.668],[-90.676,14.688],[-90.68,14.7],[-90.677,14.703],[-90.679,14.713],[-90.696,14.715],[-90.701,14.708],[-90.706,14.709],[-90.712,14.702],[-90.711,14.696],[-90.722,14.696],[-90.727,14.7],[-90.732,14.699],[-90.739,14.708],[-90.739,14.711],[-90.753,14.722],[-90.759,14.711],[-90.763,14.709],[-90.766,14.709],[-90.768,14.706],[-90.769,14.694],[-90.771,14.69],[-90.759,14.662],[-90.764,14.65],[-90.768,14.643],[-90.775,14.64],[-90.778,14.634],[-90.778,14.627],[-90.783,14.632],[-90.791,14.624],[-90.789,14.611],[-90.792,14.605],[-90.793,14.595],[-90.8,14.588],[-90.801,14.581],[-90.804,14.579],[-90.804,14.573],[-90.812,14.561],[-90.818,14.555],[-90.82,14.555],[-90.823,14.557],[-90.836,14.56],[-90.85,14.559],[-90.862,14.533],[-90.868,14.531],[-90.874,14.503],[-90.873,14.498],[-90.88,14.472],[-90.868,14.465],[-90.853,14.45],[-90.843,14.447],[-90.834,14.43],[-90.834,14.423],[-90.825,14.417],[-90.819,14.409],[-90.816,14.408],[-90.814,14.389],[-90.805,14.383],[-90.803,14.383],[-90.797,14.388],[-90.792,14.401],[-90.791,14.412],[-90.784,14.43],[-90.781,14.431],[-90.773,14.43],[-90.767,14.439],[-90.744,14.458],[-90.742,14.464],[-90.651,14.452]]]}},{"type":"Feature","properties":{"nombre":"Guatemala","iso":"GT-GU"},"geometry":{"type":"Polygon","coordinates":[[[-90.394,14.874],[-90.396,14.876],[-90.396,14.88],[-90.398,14.881],[-90.402,14.887],[-90.401,14.895],[-90.408,14.902],[-90.407,14.909],[-90.421,14.912],[-90.424,14.915],[-90.428,14.911],[-90.433,14.909],[-90.434,14.905],[-90.436,14.899],[-90.435,14.892],[-90.438,14.888],[-90.435,14.886],[-90.443,14.883],[-90.456,14.882],[-90.458,14.883],[-90.465,14.883],[-90.47,14.88],[-90.474,14.879],[-90.478,14.884],[-90.482,14.884],[-90.485,14.887],[-90.49,14.888],[-90.493,14.895],[-90.495,14.893],[-90.499,14.895],[-90.509,14.889],[-90.52,14.886],[-90.524,14.887],[-90.528,14.883],[-90.537,14.886],[-90.538,14.883],[-90.543,14.883],[-90.549,14.877],[-90.553,14.877],[-90.556,14.875],[-90.558,14.875],[-90.563,14.872],[-90.564,14.876],[-90.566,14.877],[-90.569,14.873],[-90.574,14.871],[-90.577,14.872],[-90.579,14.869],[-90.588,14.875],[-90.589,14.875],[-90.591,14.871],[-90.603,14.877],[-90.607,14.88],[-90.616,14.875],[-90.619,14.877],[-90.623,14.878],[-90.626,14.873],[-90.632,14.872],[-90.637,14.867],[-90.644,14.866],[-90.647,14.862],[-90.653,14.864],[-90.663,14.858],[-90.66,14.854],[-90.664,14.849],[-90.668,14.847],[-90.676,14.846],[-90.68,14.84],[-90.693,14.833],[-90.692,14.827],[-90.695,14.816],[-90.685,14.805],[-90.687,14.801],[-90.692,14.798],[-90.694,14.793],[-90.701,14.792],[-90.709,14.778],[-90.717,14.777],[-90.735,14.761],[-90.739,14.759],[-90.75,14.748],[-90.76,14.736],[-90.759,14.732],[-90.753,14.722],[-90.739,14.711],[-90.739,14.708],[-90.732,14.699],[-90.727,14.7],[-90.722,14.696],[-90.711,14.696],[-90.712,14.702],[-90.706,14.709],[-90.701,14.708],[-90.696,14.715],[-90.679,14.713],[-90.677,14.703],[-90.68,14.7],[-90.676,14.688],[-90.666,14.668],[-90.642,14.664],[-90.632,14.659],[-90.631,14.653],[-90.64,14.631],[-90.634,14.626],[-90.632,14.627],[-90.627,14.624],[-90.627,14.62],[-90.63,14.616],[-90.634,14.614],[-90.632,14.604],[-90.625,14.598],[-90.605,14.592],[-90.603,14.588],[-90.609,14.584],[-90.621,14.586],[-90.625,14.583],[-90.623,14.568],[-90.625,14.567],[-90.628,14.568],[-90.634,14.582],[-90.644,14.587],[-90.653,14.59],[-90.661,14.588],[-90.664,14.586],[-90.663,14.577],[-90.659,14.571],[-90.642,14.564],[-90.642,14.561],[-90.644,14.559],[-90.648,14.56],[-90.656,14.556],[-90.651,14.546],[-90.652,14.541],[-90.659,14.531],[-90.663,14.528],[-90.659,14.513],[-90.667,14.501],[-90.671,14.478],[-90.651,14.452],[-90.626,14.438],[-90.588,14.427],[-90.59,14.406],[-90.588,14.396],[-90.611,14.355],[-90.591,14.307],[-90.577,14.299],[-90.576,14.29],[-90.569,14.286],[-90.567,14.281],[-90.569,14.272],[-90.573,14.268],[-90.573,14.257],[-90.567,14.259],[-90.563,14.263],[-90.561,14.268],[-90.556,14.27],[-90.553,14.275],[-90.546,14.277],[-90.543,14.275],[-90.537,14.279],[-90.533,14.278],[-90.528,14.284],[-90.523,14.284],[-90.521,14.286],[-90.513,14.287],[-90.51,14.298],[-90.506,14.298],[-90.505,14.302],[-90.501,14.302],[-90.496,14.306],[-90.493,14.309],[-90.487,14.309],[-90.481,14.314],[-90.476,14.315],[-90.474,14.319],[-90.456,14.319],[-90.454,14.321],[-90.455,14.33],[-90.451,14.334],[-90.447,14.332],[-90.438,14.333],[-90.439,14.338],[-90.433,14.338],[-90.432,14.343],[-90.429,14.345],[-90.43,14.349],[-90.428,14.355],[-90.433,14.367],[-90.436,14.383],[-90.435,14.393],[-90.439,14.404],[-90.439,14.409],[-90.437,14.413],[-90.416,14.434],[-90.414,14.437],[-90.415,14.462],[-90.413,14.473],[-90.407,14.481],[-90.402,14.479],[-90.399,14.482],[-90.389,14.485],[-90.392,14.491],[-90.39,14.493],[-90.383,14.495],[-90.379,14.495],[-90.377,14.49],[-90.375,14.488],[-90.373,14.49],[-90.366,14.494],[-90.366,14.497],[-90.361,14.496],[-90.354,14.503],[-90.337,14.496],[-90.336,14.486],[-90.333,14.481],[-90.331,14.468],[-90.328,14.468],[-90.324,14.475],[-90.322,14.476],[-90.319,14.481],[-90.315,14.482],[-90.314,14.496],[-90.303,14.512],[-90.298,14.513],[-90.295,14.519],[-90.289,14.521],[-90.278,14.518],[-90.263,14.548],[-90.251,14.549],[-90.259,14.562],[-90.268,14.603],[-90.227,14.634],[-90.222,14.635],[-90.218,14.637],[-90.214,14.648],[-90.216,14.662],[-90.203,14.676],[-90.204,14.682],[-90.227,14.696],[-90.238,14.702],[-90.261,14.705],[-90.288,14.713],[-90.296,14.723],[-90.306,14.724],[-90.322,14.735],[-90.323,14.745],[-90.33,14.761],[-90.334,14.764],[-90.335,14.77],[-90.339,14.776],[-90.339,14.779],[-90.337,14.78],[-90.337,14.784],[-90.334,14.788],[-90.334,14.791],[-90.332,14.795],[-90.333,14.798],[-90.339,14.803],[-90.339,14.806],[-90.335,14.814],[-90.324,14.821],[-90.325,14.825],[-90.324,14.83],[-90.327,14.829],[-90.328,14.832],[-90.331,14.833],[-90.339,14.842],[-90.347,14.844],[-90.348,14.846],[-90.355,14.847],[-90.36,14.845],[-90.371,14.847],[-90.383,14.844],[-90.403,14.846],[-90.402,14.849],[-90.404,14.855],[-90.401,14.858],[-90.403,14.859],[-90.403,14.862],[-90.405,14.863],[-90.404,14.867],[-90.394,14.874]],[[-90.605,14.473],[-90.606,14.48],[-90.611,14.487],[-90.61,14.49],[-90.605,14.488],[-90.603,14.486],[-90.591,14.484],[-90.584,14.48],[-90.581,14.48],[-90.576,14.487],[-90.568,14.486],[-90.569,14.483],[-90.571,14.481],[-90.569,14.479],[-90.575,14.47],[-90.574,14.469],[-90.569,14.47],[-90.567,14.468],[-90.567,14.457],[-90.565,14.457],[-90.563,14.455],[-90.565,14.453],[-90.565,14.451],[-90.561,14.449],[-90.561,14.452],[-90.557,14.452],[-90.556,14.449],[-90.553,14.448],[-90.548,14.444],[-90.537,14.448],[-90.535,14.446],[-90.53,14.446],[-90.528,14.445],[-90.53,14.443],[-90.533,14.442],[-90.536,14.438],[-90.534,14.425],[-90.535,14.423],[-90.54,14.419],[-90.552,14.425],[-90.552,14.427],[-90.556,14.431],[-90.558,14.439],[-90.569,14.454],[-90.573,14.457],[-90.576,14.464],[-90.579,14.465],[-90.583,14.462],[-90.585,14.462],[-90.587,14.465],[-90.588,14.471],[-90.595,14.477],[-90.598,14.478],[-90.603,14.473],[-90.605,14.473]]]}},{"type":"Feature","properties":{"nombre":"Izabal","iso":"GT-IZ"},"geometry":{"type":"Polygon","coordinates":[[[-89.627,15.161],[-89.613,15.161],[-89.585,15.172],[-89.578,15.174],[-89.569,15.179],[-89.563,15.181],[-89.555,15.177],[-89.55,15.177],[-89.546,15.173],[-89.538,15.176],[-89.531,15.176],[-89.517,15.182],[-89.514,15.182],[-89.513,15.183],[-89.489,15.189],[-89.485,15.193],[-89.477,15.195],[-89.467,15.195],[-89.462,15.199],[-89.452,15.202],[-89.44,15.208],[-89.438,15.211],[-89.421,15.215],[-89.407,15.229],[-89.402,15.239],[-89.397,15.237],[-89.395,15.237],[-89.396,15.244],[-89.383,15.267],[-89.375,15.272],[-89.363,15.277],[-89.356,15.278],[-89.348,15.274],[-89.338,15.277],[-89.33,15.276],[-89.324,15.271],[-89.315,15.274],[-89.309,15.273],[-89.307,15.276],[-89.308,15.281],[-89.306,15.286],[-89.297,15.292],[-89.29,15.294],[-89.27,15.293],[-89.258,15.298],[-89.254,15.297],[-89.252,15.294],[-89.254,15.285],[-89.252,15.283],[-89.249,15.284],[-89.239,15.295],[-89.236,15.296],[-89.23,15.296],[-89.222,15.291],[-89.221,15.279],[-89.218,15.274],[-89.209,15.275],[-89.203,15.278],[-89.19,15.283],[-89.186,15.28],[-89.188,15.273],[-89.186,15.269],[-89.176,15.267],[-89.175,15.209],[-89.179,15.207],[-89.18,15.204],[-89.184,15.204],[-89.185,15.202],[-89.188,15.201],[-89.198,15.195],[-89.201,15.194],[-89.205,15.191],[-89.208,15.191],[-89.212,15.185],[-89.219,15.182],[-89.218,15.181],[-89.214,15.183],[-89.213,15.178],[-89.21,15.177],[-89.203,15.176],[-89.204,15.179],[-89.2,15.179],[-89.199,15.177],[-89.201,15.176],[-89.202,15.177],[-89.202,15.175],[-89.195,15.173],[-89.195,15.171],[-89.199,15.169],[-89.197,15.167],[-89.195,15.167],[-89.197,15.164],[-89.195,15.166],[-89.195,15.164],[-89.192,15.164],[-89.193,15.162],[-89.19,15.159],[-89.191,15.157],[-89.188,15.155],[-89.19,15.153],[-89.19,15.152],[-89.192,15.152],[-89.189,15.151],[-89.191,15.149],[-89.19,15.147],[-89.189,15.144],[-89.18,15.142],[-89.181,15.139],[-89.179,15.137],[-89.183,15.134],[-89.179,15.13],[-89.18,15.125],[-89.178,15.121],[-89.178,15.118],[-89.177,15.116],[-89.181,15.113],[-89.184,15.11],[-89.186,15.11],[-89.186,15.106],[-89.185,15.103],[-89.182,15.103],[-89.18,15.099],[-89.178,15.097],[-89.176,15.091],[-89.174,15.091],[-89.175,15.086],[-89.172,15.087],[-89.17,15.083],[-89.167,15.084],[-89.165,15.08],[-89.166,15.078],[-89.163,15.079],[-89.163,15.075],[-89.161,15.072],[-89.158,15.073],[-89.154,15.068],[-88.974,15.136],[-88.846,15.243],[-88.678,15.342],[-88.605,15.413],[-88.592,15.421],[-88.585,15.422],[-88.584,15.419],[-88.578,15.424],[-88.57,15.428],[-88.565,15.436],[-88.562,15.437],[-88.562,15.444],[-88.56,15.446],[-88.553,15.446],[-88.532,15.464],[-88.503,15.493],[-88.472,15.513],[-88.345,15.619],[-88.329,15.639],[-88.329,15.644],[-88.324,15.651],[-88.323,15.657],[-88.326,15.665],[-88.325,15.672],[-88.322,15.67],[-88.318,15.671],[-88.312,15.68],[-88.31,15.679],[-88.304,15.671],[-88.294,15.675],[-88.282,15.675],[-88.28,15.679],[-88.286,15.687],[-88.286,15.691],[-88.284,15.692],[-88.281,15.692],[-88.275,15.685],[-88.272,15.686],[-88.269,15.691],[-88.267,15.691],[-88.266,15.683],[-88.264,15.682],[-88.261,15.683],[-88.258,15.686],[-88.262,15.692],[-88.262,15.695],[-88.261,15.695],[-88.255,15.689],[-88.249,15.688],[-88.248,15.691],[-88.248,15.696],[-88.244,15.698],[-88.242,15.709],[-88.246,15.71],[-88.251,15.718],[-88.251,15.721],[-88.246,15.722],[-88.227,15.723],[-88.253,15.731],[-88.261,15.736],[-88.271,15.742],[-88.305,15.774],[-88.328,15.79],[-88.368,15.815],[-88.431,15.847],[-88.455,15.862],[-88.504,15.897],[-88.545,15.936],[-88.555,15.944],[-88.591,15.962],[-88.608,15.965],[-88.62,15.964],[-88.622,15.962],[-88.618,15.949],[-88.611,15.936],[-88.609,15.935],[-88.597,15.934],[-88.591,15.927],[-88.59,15.925],[-88.591,15.928],[-88.588,15.926],[-88.589,15.925],[-88.586,15.921],[-88.582,15.922],[-88.576,15.921],[-88.573,15.917],[-88.565,15.913],[-88.56,15.903],[-88.55,15.895],[-88.548,15.892],[-88.547,15.879],[-88.546,15.882],[-88.545,15.879],[-88.54,15.876],[-88.534,15.877],[-88.52,15.872],[-88.511,15.871],[-88.51,15.866],[-88.511,15.859],[-88.509,15.856],[-88.495,15.855],[-88.491,15.85],[-88.492,15.842],[-88.494,15.837],[-88.499,15.834],[-88.503,15.836],[-88.502,15.835],[-88.499,15.833],[-88.495,15.833],[-88.493,15.833],[-88.493,15.832],[-88.499,15.831],[-88.506,15.835],[-88.515,15.837],[-88.523,15.839],[-88.529,15.839],[-88.54,15.846],[-88.544,15.847],[-88.546,15.845],[-88.547,15.84],[-88.552,15.836],[-88.553,15.838],[-88.551,15.841],[-88.557,15.846],[-88.561,15.854],[-88.564,15.853],[-88.563,15.825],[-88.561,15.823],[-88.559,15.823],[-88.558,15.826],[-88.562,15.83],[-88.559,15.83],[-88.554,15.819],[-88.554,15.814],[-88.552,15.814],[-88.57,15.78],[-88.567,15.781],[-88.566,15.78],[-88.57,15.779],[-88.583,15.762],[-88.584,15.759],[-88.581,15.756],[-88.58,15.756],[-88.58,15.76],[-88.575,15.76],[-88.575,15.756],[-88.581,15.747],[-88.579,15.748],[-88.579,15.746],[-88.581,15.746],[-88.581,15.747],[-88.59,15.74],[-88.596,15.741],[-88.6,15.74],[-88.606,15.734],[-88.604,15.728],[-88.603,15.727],[-88.603,15.718],[-88.596,15.715],[-88.595,15.712],[-88.597,15.707],[-88.603,15.706],[-88.599,15.704],[-88.601,15.699],[-88.604,15.698],[-88.607,15.699],[-88.62,15.693],[-88.626,15.693],[-88.626,15.695],[-88.629,15.696],[-88.63,15.694],[-88.634,15.692],[-88.637,15.695],[-88.642,15.695],[-88.645,15.696],[-88.648,15.702],[-88.646,15.703],[-88.648,15.707],[-88.647,15.715],[-88.645,15.717],[-88.641,15.717],[-88.64,15.719],[-88.636,15.719],[-88.638,15.724],[-88.637,15.726],[-88.634,15.727],[-88.635,15.732],[-88.631,15.733],[-88.627,15.731],[-88.626,15.731],[-88.631,15.737],[-88.634,15.743],[-88.632,15.746],[-88.63,15.747],[-88.627,15.746],[-88.627,15.742],[-88.625,15.742],[-88.625,15.745],[-88.627,15.752],[-88.649,15.759],[-88.679,15.78],[-88.717,15.803],[-88.724,15.809],[-88.727,15.815],[-88.731,15.816],[-88.741,15.809],[-88.751,15.813],[-88.766,15.802],[-88.779,15.801],[-88.779,15.796],[-88.772,15.79],[-88.774,15.786],[-88.776,15.774],[-88.78,15.773],[-88.783,15.781],[-88.79,15.782],[-88.797,15.779],[-88.803,15.771],[-88.812,15.77],[-88.818,15.774],[-88.82,15.773],[-88.822,15.775],[-88.825,15.771],[-88.83,15.77],[-88.83,15.768],[-88.828,15.768],[-88.826,15.769],[-88.824,15.766],[-88.831,15.767],[-88.831,15.763],[-88.836,15.764],[-88.837,15.762],[-88.833,15.759],[-88.835,15.758],[-88.838,15.76],[-88.841,15.758],[-88.842,15.754],[-88.839,15.752],[-88.841,15.75],[-88.848,15.754],[-88.847,15.75],[-88.843,15.746],[-88.844,15.742],[-88.848,15.738],[-88.853,15.736],[-88.853,15.732],[-88.859,15.726],[-88.859,15.721],[-88.865,15.718],[-88.864,15.715],[-88.868,15.712],[-88.871,15.713],[-88.876,15.707],[-88.881,15.707],[-88.883,15.703],[-88.882,15.697],[-88.889,15.685],[-88.897,15.683],[-88.899,15.688],[-88.904,15.687],[-88.911,15.692],[-88.921,15.695],[-88.925,15.695],[-88.929,15.693],[-88.936,15.694],[-88.94,15.69],[-88.942,15.69],[-88.946,15.684],[-88.946,15.679],[-88.948,15.676],[-88.95,15.668],[-88.952,15.668],[-88.952,15.672],[-88.956,15.671],[-88.957,15.674],[-88.966,15.671],[-88.969,15.668],[-88.975,15.671],[-88.985,15.668],[-88.987,15.664],[-88.992,15.665],[-88.993,15.662],[-88.992,15.659],[-88.994,15.655],[-88.996,15.658],[-88.997,15.657],[-88.997,15.651],[-88.996,15.65],[-88.994,15.641],[-88.992,15.637],[-88.987,15.633],[-88.981,15.624],[-88.981,15.621],[-88.985,15.613],[-88.989,15.613],[-88.992,15.608],[-88.993,15.609],[-89.004,15.608],[-89.0,15.598],[-89.002,15.595],[-89.005,15.592],[-89.005,15.59],[-89.0,15.577],[-89.0,15.572],[-88.997,15.57],[-88.992,15.57],[-88.987,15.556],[-88.986,15.551],[-88.986,15.541],[-88.983,15.526],[-88.983,15.509],[-88.988,15.504],[-89.0,15.501],[-89.012,15.488],[-89.021,15.485],[-89.022,15.475],[-89.027,15.471],[-89.031,15.47],[-89.036,15.462],[-89.041,15.461],[-89.049,15.452],[-89.058,15.448],[-89.063,15.44],[-89.072,15.44],[-89.076,15.435],[-89.08,15.426],[-89.086,15.424],[-89.091,15.418],[-89.098,15.416],[-89.111,15.418],[-89.119,15.412],[-89.123,15.408],[-89.129,15.406],[-89.143,15.406],[-89.152,15.403],[-89.172,15.406],[-89.178,15.404],[-89.185,15.407],[-89.203,15.407],[-89.218,15.415],[-89.233,15.413],[-89.251,15.416],[-89.26,15.416],[-89.266,15.412],[-89.269,15.407],[-89.249,15.414],[-89.245,15.41],[-89.245,15.407],[-89.254,15.404],[-89.257,15.401],[-89.263,15.398],[-89.265,15.39],[-89.271,15.382],[-89.271,15.376],[-89.273,15.373],[-89.277,15.37],[-89.285,15.371],[-89.29,15.369],[-89.303,15.359],[-89.305,15.356],[-89.304,15.353],[-89.306,15.353],[-89.308,15.356],[-89.329,15.367],[-89.334,15.374],[-89.336,15.373],[-89.336,15.378],[-89.34,15.385],[-89.341,15.392],[-89.332,15.399],[-89.325,15.4],[-89.325,15.403],[-89.331,15.417],[-89.334,15.417],[-89.343,15.411],[-89.341,15.415],[-89.332,15.421],[-89.329,15.421],[-89.327,15.423],[-89.322,15.425],[-89.321,15.427],[-89.326,15.429],[-89.33,15.438],[-89.338,15.444],[-89.346,15.459],[-89.349,15.459],[-89.356,15.45],[-89.365,15.45],[-89.363,15.456],[-89.357,15.461],[-89.35,15.463],[-89.355,15.47],[-89.358,15.47],[-89.362,15.462],[-89.367,15.459],[-89.37,15.462],[-89.368,15.47],[-89.371,15.471],[-89.374,15.465],[-89.375,15.46],[-89.377,15.458],[-89.376,15.456],[-89.378,15.456],[-89.38,15.459],[-89.382,15.459],[-89.395,15.451],[-89.395,15.452],[-89.39,15.458],[-89.387,15.459],[-89.385,15.461],[-89.386,15.464],[-89.39,15.468],[-89.39,15.473],[-89.392,15.473],[-89.4,15.466],[-89.412,15.453],[-89.412,15.456],[-89.406,15.46],[-89.403,15.466],[-89.405,15.467],[-89.413,15.465],[-89.415,15.467],[-89.413,15.468],[-89.41,15.467],[-89.407,15.468],[-89.4,15.477],[-89.4,15.48],[-89.391,15.478],[-89.384,15.495],[-89.375,15.507],[-89.362,15.511],[-89.357,15.517],[-89.349,15.515],[-89.339,15.521],[-89.329,15.523],[-89.313,15.53],[-89.309,15.53],[-89.306,15.528],[-89.298,15.517],[-89.29,15.519],[-89.287,15.516],[-89.283,15.517],[-89.28,15.52],[-89.274,15.518],[-89.271,15.52],[-89.267,15.52],[-89.262,15.527],[-89.255,15.531],[-89.246,15.542],[-89.244,15.551],[-89.246,15.557],[-89.244,15.562],[-89.241,15.564],[-89.232,15.565],[-89.225,15.571],[-89.212,15.568],[-89.201,15.568],[-89.195,15.57],[-89.187,15.578],[-89.179,15.579],[-89.175,15.577],[-89.17,15.571],[-89.159,15.567],[-89.159,15.564],[-89.152,15.563],[-89.149,15.566],[-89.132,15.569],[-89.13,15.571],[-89.128,15.579],[-89.116,15.581],[-89.107,15.581],[-89.097,15.577],[-89.093,15.581],[-89.083,15.584],[-89.079,15.588],[-89.071,15.588],[-89.07,15.592],[-89.067,15.593],[-89.065,15.6],[-89.056,15.603],[-89.053,15.607],[-89.056,15.612],[-89.052,15.616],[-89.046,15.618],[-89.04,15.616],[-89.034,15.618],[-89.027,15.622],[-89.029,15.626],[-89.028,15.627],[-89.009,15.627],[-88.994,15.635],[-88.994,15.637],[-89.0,15.638],[-89.004,15.641],[-89.001,15.646],[-89.002,15.65],[-88.999,15.657],[-89.003,15.66],[-89.001,15.662],[-89.001,15.667],[-88.997,15.67],[-88.991,15.671],[-88.988,15.675],[-88.985,15.672],[-88.983,15.673],[-88.983,15.675],[-88.98,15.674],[-88.977,15.679],[-88.974,15.677],[-88.972,15.678],[-88.97,15.677],[-88.969,15.679],[-88.967,15.68],[-88.966,15.677],[-88.964,15.676],[-88.963,15.681],[-88.959,15.681],[-88.957,15.684],[-88.951,15.684],[-88.942,15.695],[-88.946,15.699],[-88.95,15.708],[-88.95,15.711],[-88.942,15.715],[-88.944,15.717],[-88.941,15.72],[-88.94,15.72],[-88.94,15.717],[-88.936,15.716],[-88.93,15.72],[-88.925,15.721],[-88.924,15.723],[-88.929,15.731],[-88.929,15.733],[-88.923,15.735],[-88.922,15.733],[-88.918,15.73],[-88.917,15.732],[-88.914,15.732],[-88.912,15.73],[-88.91,15.73],[-88.905,15.732],[-88.903,15.739],[-88.893,15.741],[-88.887,15.746],[-88.881,15.749],[-88.877,15.753],[-88.875,15.752],[-88.876,15.748],[-88.879,15.746],[-88.886,15.744],[-88.89,15.741],[-88.888,15.741],[-88.885,15.743],[-88.887,15.74],[-88.883,15.743],[-88.873,15.746],[-88.868,15.756],[-88.872,15.759],[-88.868,15.761],[-88.867,15.766],[-88.864,15.768],[-88.862,15.771],[-88.863,15.773],[-88.861,15.777],[-88.863,15.778],[-88.863,15.779],[-88.859,15.783],[-88.853,15.784],[-88.848,15.782],[-88.847,15.784],[-88.849,15.787],[-88.841,15.786],[-88.831,15.791],[-88.827,15.788],[-88.825,15.783],[-88.818,15.776],[-88.811,15.773],[-88.808,15.773],[-88.8,15.781],[-88.792,15.783],[-88.783,15.782],[-88.778,15.776],[-88.776,15.787],[-88.774,15.791],[-88.78,15.795],[-88.782,15.799],[-88.782,15.801],[-88.78,15.802],[-88.769,15.803],[-88.765,15.805],[-88.759,15.81],[-88.755,15.818],[-88.753,15.819],[-88.748,15.826],[-88.749,15.829],[-88.794,15.859],[-88.805,15.862],[-88.815,15.864],[-88.829,15.872],[-88.837,15.863],[-88.853,15.865],[-88.861,15.86],[-88.869,15.86],[-88.873,15.862],[-88.877,15.861],[-88.882,15.861],[-88.89,15.869],[-88.906,15.893],[-88.911,15.896],[-88.913,15.898],[-88.917,15.894],[-88.918,15.89],[-88.924,15.887],[-88.933,15.889],[-88.957,15.887],[-88.968,15.893],[-88.983,15.895],[-88.99,15.902],[-88.994,15.903],[-88.997,15.902],[-89.003,15.897],[-89.02,15.894],[-89.021,15.898],[-89.018,15.907],[-89.019,15.909],[-89.031,15.91],[-89.041,15.914],[-89.043,15.912],[-89.045,15.903],[-89.05,15.901],[-89.052,15.903],[-89.052,15.913],[-89.055,15.916],[-89.059,15.915],[-89.059,15.909],[-89.064,15.906],[-89.063,15.9],[-89.065,15.9],[-89.074,15.909],[-89.079,15.896],[-89.086,15.908],[-89.102,15.912],[-89.109,15.906],[-89.116,15.906],[-89.117,15.903],[-89.113,15.9],[-89.114,15.896],[-89.116,15.896],[-89.118,15.901],[-89.12,15.903],[-89.128,15.899],[-89.13,15.905],[-89.133,15.907],[-89.136,15.905],[-89.137,15.902],[-89.139,15.9],[-89.15,15.896],[-89.153,15.898],[-89.162,15.899],[-89.163,15.903],[-89.169,15.906],[-89.169,15.91],[-89.176,15.913],[-89.187,15.908],[-89.186,15.901],[-89.187,15.898],[-89.189,15.898],[-89.197,15.902],[-89.203,15.897],[-89.209,15.897],[-89.214,15.894],[-89.213,15.89],[-89.215,15.89],[-89.217,15.887],[-89.221,15.885],[-89.225,15.887],[-89.225,15.895],[-89.226,15.896],[-89.229,15.898],[-89.231,15.897],[-89.231,15.903],[-89.233,15.908],[-89.239,15.912],[-89.242,15.911],[-89.251,15.917],[-89.253,15.916],[-89.256,15.917],[-89.259,15.916],[-89.264,15.92],[-89.268,15.92],[-89.274,15.914],[-89.281,15.916],[-89.286,15.914],[-89.288,15.915],[-89.292,15.913],[-89.307,15.917],[-89.314,15.915],[-89.317,15.919],[-89.327,15.914],[-89.332,15.914],[-89.336,15.916],[-89.337,15.92],[-89.343,15.919],[-89.355,15.921],[-89.365,15.918],[-89.378,15.905],[-89.378,15.901],[-89.382,15.891],[-89.38,15.889],[-89.38,15.886],[-89.383,15.884],[-89.384,15.882],[-89.389,15.882],[-89.39,15.88],[-89.387,15.877],[-89.381,15.875],[-89.384,15.871],[-89.386,15.872],[-89.388,15.874],[-89.391,15.874],[-89.387,15.869],[-89.388,15.867],[-89.393,15.868],[-89.391,15.862],[-89.396,15.862],[-89.397,15.866],[-89.4,15.868],[-89.403,15.867],[-89.403,15.863],[-89.406,15.861],[-89.407,15.858],[-89.411,15.856],[-89.414,15.854],[-89.412,15.854],[-89.413,15.852],[-89.41,15.852],[-89.412,15.848],[-89.41,15.849],[-89.408,15.848],[-89.41,15.844],[-89.411,15.844],[-89.41,15.847],[-89.417,15.846],[-89.415,15.843],[-89.418,15.84],[-89.417,15.839],[-89.418,15.835],[-89.421,15.833],[-89.418,15.83],[-89.422,15.829],[-89.423,15.827],[-89.427,15.827],[-89.428,15.824],[-89.425,15.823],[-89.425,15.822],[-89.43,15.821],[-89.433,15.822],[-89.439,15.816],[-89.493,15.71],[-89.536,15.636],[-89.583,15.522],[-89.582,15.515],[-89.573,15.51],[-89.567,15.503],[-89.567,15.499],[-89.59,15.485],[-89.591,15.482],[-89.59,15.478],[-89.581,15.474],[-89.573,15.474],[-89.565,15.47],[-89.558,15.466],[-89.554,15.466],[-89.548,15.462],[-89.549,15.46],[-89.545,15.456],[-89.542,15.456],[-89.535,15.461],[-89.532,15.466],[-89.53,15.466],[-89.523,15.458],[-89.516,15.453],[-89.53,15.437],[-89.533,15.429],[-89.533,15.424],[-89.527,15.419],[-89.518,15.42],[-89.514,15.416],[-89.524,15.38],[-89.513,15.368],[-89.512,15.363],[-89.518,15.358],[-89.541,15.35],[-89.547,15.344],[-89.547,15.336],[-89.535,15.32],[-89.535,15.317],[-89.538,15.311],[-89.54,15.31],[-89.558,15.313],[-89.566,15.311],[-89.566,15.309],[-89.569,15.31],[-89.569,15.308],[-89.565,15.306],[-89.564,15.302],[-89.563,15.302],[-89.566,15.297],[-89.566,15.294],[-89.57,15.292],[-89.568,15.291],[-89.57,15.289],[-89.569,15.287],[-89.57,15.285],[-89.568,15.282],[-89.567,15.266],[-89.576,15.242],[-89.613,15.187],[-89.627,15.161]],[[-89.347,15.408],[-89.352,15.408],[-89.345,15.409],[-89.347,15.408]]]}},{"type":"Feature","properties":{"nombre":"Jalapa","iso":"GT-JA"},"geometry":{"type":"Polygon","coordinates":[[[-90.203,14.676],[-90.216,14.662],[-90.214,14.648],[-90.218,14.637],[-90.222,14.635],[-90.227,14.634],[-90.268,14.603],[-90.259,14.562],[-90.251,14.549],[-90.263,14.548],[-90.278,14.518],[-90.264,14.508],[-90.259,14.513],[-90.257,14.513],[-90.257,14.509],[-90.253,14.508],[-90.257,14.483],[-90.244,14.472],[-90.235,14.479],[-90.144,14.5],[-90.114,14.494],[-90.111,14.471],[-90.054,14.436],[-90.047,14.43],[-89.985,14.432],[-89.983,14.435],[-89.981,14.451],[-89.975,14.454],[-89.926,14.463],[-89.894,14.441],[-89.889,14.439],[-89.883,14.464],[-89.874,14.471],[-89.865,14.469],[-89.86,14.47],[-89.85,14.475],[-89.849,14.489],[-89.846,14.492],[-89.837,14.501],[-89.835,14.504],[-89.836,14.511],[-89.834,14.514],[-89.832,14.514],[-89.83,14.51],[-89.82,14.514],[-89.821,14.511],[-89.822,14.512],[-89.822,14.508],[-89.82,14.507],[-89.816,14.506],[-89.815,14.504],[-89.809,14.499],[-89.809,14.493],[-89.805,14.491],[-89.802,14.492],[-89.799,14.489],[-89.798,14.492],[-89.792,14.491],[-89.793,14.486],[-89.796,14.484],[-89.795,14.483],[-89.788,14.482],[-89.786,14.485],[-89.783,14.483],[-89.776,14.485],[-89.761,14.483],[-89.758,14.487],[-89.746,14.486],[-89.741,14.484],[-89.729,14.485],[-89.721,14.481],[-89.711,14.482],[-89.702,14.491],[-89.692,14.496],[-89.689,14.517],[-89.681,14.526],[-89.682,14.531],[-89.679,14.543],[-89.682,14.544],[-89.694,14.557],[-89.662,14.618],[-89.664,14.63],[-89.659,14.638],[-89.66,14.644],[-89.651,14.657],[-89.648,14.706],[-89.655,14.704],[-89.661,14.705],[-89.66,14.729],[-89.656,14.743],[-89.66,14.748],[-89.661,14.755],[-89.67,14.757],[-89.68,14.757],[-89.688,14.748],[-89.708,14.748],[-89.72,14.751],[-89.748,14.742],[-89.755,14.744],[-89.761,14.749],[-89.763,14.749],[-89.77,14.751],[-89.772,14.755],[-89.77,14.755],[-89.774,14.759],[-89.772,14.763],[-89.774,14.766],[-89.786,14.769],[-89.785,14.773],[-89.79,14.773],[-89.804,14.783],[-89.803,14.787],[-89.804,14.786],[-89.808,14.79],[-89.812,14.792],[-89.813,14.793],[-89.812,14.798],[-89.819,14.806],[-89.819,14.81],[-89.822,14.81],[-89.827,14.814],[-89.826,14.818],[-89.823,14.822],[-89.825,14.826],[-89.82,14.828],[-89.818,14.834],[-89.818,14.839],[-89.821,14.843],[-89.82,14.846],[-89.834,14.854],[-89.843,14.857],[-89.842,14.861],[-89.844,14.864],[-89.851,14.867],[-89.854,14.865],[-89.863,14.863],[-89.862,14.872],[-89.874,14.872],[-89.911,14.849],[-89.925,14.836],[-89.936,14.821],[-89.955,14.816],[-89.986,14.771],[-90.049,14.752],[-90.072,14.712],[-90.089,14.71],[-90.109,14.717],[-90.181,14.705],[-90.184,14.679],[-90.187,14.676],[-90.19,14.667],[-90.19,14.652],[-90.192,14.648],[-90.203,14.676]]]}},{"type":"Feature","properties":{"nombre":"San Marcos","iso":"GT-SM"},"geometry":{"type":"Polygon","coordinates":[[[-91.569,15.224],[-91.581,15.233],[-91.623,15.234],[-91.622,15.237],[-91.623,15.239],[-91.624,15.24],[-91.627,15.238],[-91.629,15.239],[-91.629,15.242],[-91.664,15.293],[-91.682,15.304],[-91.699,15.324],[-91.707,15.337],[-91.729,15.342],[-91.731,15.345],[-91.741,15.346],[-91.745,15.341],[-91.75,15.34],[-91.764,15.343],[-91.795,15.329],[-91.823,15.328],[-91.881,15.362],[-91.94,15.319],[-91.957,15.319],[-91.977,15.297],[-92.009,15.265],[-92.077,15.278],[-92.079,15.397],[-92.103,15.404],[-92.107,15.407],[-92.114,15.42],[-92.117,15.423],[-92.162,15.342],[-92.21,15.261],[-92.059,15.071],[-92.059,15.069],[-92.065,15.068],[-92.07,15.062],[-92.072,15.061],[-92.071,15.06],[-92.072,15.057],[-92.069,15.057],[-92.069,15.055],[-92.067,15.055],[-92.07,15.05],[-92.069,15.047],[-92.073,15.044],[-92.078,15.045],[-92.079,15.031],[-92.085,15.021],[-92.097,15.014],[-92.1,15.009],[-92.11,15.01],[-92.112,15.012],[-92.113,15.012],[-92.118,15.014],[-92.12,15.011],[-92.125,15.014],[-92.131,15.012],[-92.134,15.01],[-92.136,15.003],[-92.139,15.001],[-92.14,14.994],[-92.147,14.992],[-92.151,14.987],[-92.151,14.984],[-92.147,14.98],[-92.144,14.975],[-92.147,14.971],[-92.146,14.959],[-92.149,14.953],[-92.147,14.944],[-92.143,14.939],[-92.144,14.928],[-92.141,14.923],[-92.142,14.916],[-92.144,14.91],[-92.137,14.896],[-92.137,14.888],[-92.139,14.885],[-92.142,14.884],[-92.147,14.87],[-92.15,14.867],[-92.165,14.86],[-92.17,14.86],[-92.175,14.851],[-92.181,14.846],[-92.183,14.829],[-92.179,14.82],[-92.176,14.816],[-92.178,14.808],[-92.178,14.803],[-92.169,14.787],[-92.165,14.783],[-92.164,14.777],[-92.161,14.774],[-92.159,14.768],[-92.161,14.76],[-92.169,14.757],[-92.169,14.745],[-92.161,14.738],[-92.157,14.737],[-92.148,14.716],[-92.146,14.707],[-92.146,14.697],[-92.143,14.69],[-92.147,14.675],[-92.147,14.668],[-92.145,14.663],[-92.147,14.655],[-92.153,14.652],[-92.158,14.653],[-92.158,14.648],[-92.167,14.637],[-92.172,14.635],[-92.173,14.628],[-92.18,14.62],[-92.18,14.616],[-92.175,14.613],[-92.175,14.611],[-92.182,14.59],[-92.181,14.582],[-92.184,14.575],[-92.192,14.569],[-92.194,14.564],[-92.203,14.563],[-92.208,14.558],[-92.215,14.555],[-92.218,14.539],[-92.22,14.536],[-92.226,14.532],[-92.203,14.514],[-92.198,14.508],[-92.164,14.486],[-92.159,14.491],[-92.157,14.49],[-92.157,14.491],[-92.152,14.49],[-92.143,14.494],[-92.144,14.501],[-92.143,14.504],[-92.139,14.507],[-92.134,14.508],[-92.133,14.51],[-92.125,14.508],[-92.123,14.505],[-92.12,14.507],[-92.118,14.503],[-92.115,14.504],[-92.115,14.51],[-92.109,14.516],[-92.109,14.523],[-92.104,14.527],[-92.105,14.53],[-92.082,14.541],[-92.08,14.548],[-92.061,14.557],[-92.059,14.56],[-92.05,14.565],[-92.056,14.571],[-92.054,14.588],[-92.085,14.598],[-92.087,14.592],[-92.14,14.617],[-92.139,14.625],[-92.116,14.641],[-92.108,14.652],[-92.107,14.658],[-92.104,14.659],[-92.097,14.658],[-92.093,14.665],[-92.089,14.679],[-92.083,14.685],[-92.071,14.683],[-92.065,14.691],[-92.06,14.694],[-92.052,14.707],[-92.042,14.708],[-92.038,14.713],[-92.032,14.713],[-92.028,14.717],[-92.023,14.718],[-92.01,14.714],[-91.982,14.711],[-91.968,14.713],[-91.961,14.711],[-91.956,14.713],[-91.955,14.717],[-91.951,14.719],[-91.945,14.726],[-91.94,14.724],[-91.936,14.727],[-91.934,14.726],[-91.931,14.728],[-91.925,14.724],[-91.918,14.725],[-91.916,14.722],[-91.913,14.723],[-91.911,14.72],[-91.907,14.721],[-91.901,14.716],[-91.898,14.718],[-91.881,14.716],[-91.877,14.718],[-91.863,14.717],[-91.859,14.719],[-91.853,14.719],[-91.849,14.718],[-91.847,14.715],[-91.844,14.715],[-91.831,14.718],[-91.825,14.723],[-91.823,14.729],[-91.821,14.731],[-91.809,14.732],[-91.803,14.731],[-91.794,14.738],[-91.791,14.742],[-91.789,14.756],[-91.784,14.765],[-91.785,14.768],[-91.783,14.772],[-91.778,14.779],[-91.782,14.785],[-91.78,14.79],[-91.779,14.792],[-91.783,14.799],[-91.783,14.813],[-91.782,14.815],[-91.773,14.824],[-91.776,14.832],[-91.764,14.851],[-91.763,14.857],[-91.758,14.862],[-91.758,14.871],[-91.757,14.873],[-91.754,14.877],[-91.745,14.88],[-91.741,14.884],[-91.738,14.892],[-91.734,14.893],[-91.731,14.892],[-91.728,14.893],[-91.727,14.891],[-91.724,14.892],[-91.723,14.895],[-91.713,14.901],[-91.713,14.903],[-91.722,14.914],[-91.725,14.922],[-91.711,14.925],[-91.701,14.931],[-91.7,14.933],[-91.694,14.935],[-91.688,14.943],[-91.68,14.947],[-91.675,14.954],[-91.679,14.965],[-91.666,15.026],[-91.661,15.055],[-91.671,15.059],[-91.676,15.069],[-91.682,15.071],[-91.688,15.078],[-91.696,15.083],[-91.696,15.09],[-91.703,15.102],[-91.702,15.111],[-91.698,15.114],[-91.697,15.118],[-91.693,15.118],[-91.691,15.125],[-91.685,15.131],[-91.687,15.134],[-91.684,15.139],[-91.68,15.138],[-91.673,15.146],[-91.629,15.148],[-91.586,15.171],[-91.569,15.224]]]}},{"type":"Feature","properties":{"nombre":"Huehuetenango","iso":"GT-HU"},"geometry":{"type":"Polygon","coordinates":[[[-91.108,16.073],[-91.731,16.073],[-91.892,15.802],[-92.08,15.48],[-92.117,15.423],[-92.114,15.42],[-92.107,15.407],[-92.103,15.404],[-92.079,15.397],[-92.077,15.278],[-92.009,15.265],[-91.977,15.297],[-91.957,15.319],[-91.94,15.319],[-91.881,15.362],[-91.823,15.328],[-91.795,15.329],[-91.764,15.343],[-91.75,15.34],[-91.745,15.341],[-91.741,15.346],[-91.731,15.345],[-91.729,15.342],[-91.707,15.337],[-91.699,15.324],[-91.682,15.304],[-91.664,15.293],[-91.629,15.242],[-91.629,15.239],[-91.627,15.238],[-91.624,15.24],[-91.623,15.239],[-91.622,15.237],[-91.623,15.234],[-91.581,15.233],[-91.569,15.224],[-91.52,15.206],[-91.512,15.145],[-91.466,15.134],[-91.388,15.137],[-91.381,15.211],[-91.372,15.213],[-91.37,15.216],[-91.358,15.228],[-91.347,15.232],[-91.343,15.234],[-91.333,15.233],[-91.328,15.234],[-91.319,15.254],[-91.326,15.265],[-91.321,15.272],[-91.307,15.273],[-91.289,15.281],[-91.283,15.281],[-91.265,15.268],[-91.232,15.285],[-91.219,15.286],[-91.196,15.286],[-91.189,15.287],[-91.184,15.3],[-91.184,15.317],[-91.178,15.336],[-91.164,15.351],[-91.158,15.362],[-91.147,15.374],[-91.16,15.377],[-91.165,15.386],[-91.171,15.391],[-91.218,15.388],[-91.247,15.388],[-91.28,15.42],[-91.293,15.428],[-91.313,15.455],[-91.315,15.463],[-91.316,15.472],[-91.311,15.477],[-91.311,15.504],[-91.312,15.508],[-91.311,15.511],[-91.313,15.521],[-91.313,15.536],[-91.305,15.559],[-91.297,15.568],[-91.282,15.576],[-91.263,15.595],[-91.275,15.601],[-91.275,15.606],[-91.258,15.624],[-91.24,15.626],[-91.235,15.625],[-91.221,15.637],[-91.213,15.652],[-91.209,15.655],[-91.199,15.657],[-91.197,15.667],[-91.191,15.668],[-91.184,15.666],[-91.158,15.716],[-91.157,15.752],[-91.14,15.776],[-91.153,15.79],[-91.162,15.796],[-91.169,15.798],[-91.169,15.8],[-91.155,15.809],[-91.148,15.819],[-91.148,15.821],[-91.152,15.832],[-91.144,15.833],[-91.093,15.801],[-91.059,15.919],[-91.052,15.915],[-91.046,15.938],[-91.067,15.947],[-91.061,15.968],[-91.097,15.97],[-91.098,15.972],[-91.095,15.978],[-91.101,15.981],[-91.107,15.995],[-91.121,15.997],[-91.129,16.0],[-91.127,16.016],[-91.124,16.024],[-91.131,16.027],[-91.132,16.031],[-91.126,16.034],[-91.118,16.035],[-91.116,16.038],[-91.119,16.042],[-91.106,16.053],[-91.111,16.061],[-91.112,16.067],[-91.109,16.071],[-91.108,16.073]]]}},{"type":"Feature","properties":{"nombre":"Totonicapán","iso":"GT-TO"},"geometry":{"type":"Polygon","coordinates":[[[-91.319,15.254],[-91.328,15.234],[-91.333,15.233],[-91.343,15.234],[-91.347,15.232],[-91.358,15.228],[-91.37,15.216],[-91.372,15.213],[-91.381,15.211],[-91.388,15.137],[-91.466,15.134],[-91.512,15.145],[-91.549,15.111],[-91.54,14.976],[-91.533,14.971],[-91.532,14.964],[-91.534,14.961],[-91.533,14.958],[-91.557,14.938],[-91.525,14.946],[-91.524,14.932],[-91.517,14.923],[-91.516,14.915],[-91.505,14.893],[-91.495,14.878],[-91.481,14.879],[-91.477,14.878],[-91.477,14.879],[-91.474,14.879],[-91.471,14.888],[-91.465,14.895],[-91.466,14.896],[-91.464,14.899],[-91.466,14.9],[-91.465,14.901],[-91.456,14.899],[-91.439,14.89],[-91.437,14.887],[-91.437,14.88],[-91.436,14.88],[-91.437,14.88],[-91.42,14.845],[-91.404,14.821],[-91.363,14.848],[-91.363,14.851],[-91.348,14.864],[-91.298,14.868],[-91.287,14.859],[-91.275,14.859],[-91.273,14.858],[-91.263,14.841],[-91.246,14.849],[-91.215,14.857],[-91.211,14.872],[-91.206,14.879],[-91.175,14.893],[-91.216,14.933],[-91.224,14.942],[-91.239,14.945],[-91.241,14.964],[-91.233,14.977],[-91.237,14.985],[-91.255,14.98],[-91.263,14.995],[-91.264,15.001],[-91.264,15.022],[-91.272,15.035],[-91.264,15.05],[-91.258,15.125],[-91.253,15.123],[-91.251,15.115],[-91.249,15.111],[-91.225,15.103],[-91.214,15.1],[-91.205,15.111],[-91.206,15.113],[-91.223,15.119],[-91.228,15.123],[-91.235,15.131],[-91.236,15.137],[-91.239,15.137],[-91.241,15.143],[-91.245,15.142],[-91.252,15.145],[-91.254,15.153],[-91.259,15.155],[-91.263,15.161],[-91.267,15.161],[-91.269,15.158],[-91.285,15.163],[-91.29,15.168],[-91.292,15.173],[-91.297,15.177],[-91.299,15.187],[-91.302,15.188],[-91.309,15.195],[-91.31,15.199],[-91.319,15.201],[-91.317,15.209],[-91.321,15.213],[-91.318,15.22],[-91.317,15.228],[-91.314,15.231],[-91.314,15.236],[-91.311,15.244],[-91.319,15.254]]]}},{"type":"Feature","properties":{"nombre":"Quetzaltenango","iso":"GT-QZ"},"geometry":{"type":"Polygon","coordinates":[[[-91.487,14.711],[-91.485,14.718],[-91.473,14.725],[-91.462,14.739],[-91.448,14.74],[-91.447,14.741],[-91.444,14.764],[-91.407,14.801],[-91.404,14.821],[-91.42,14.845],[-91.437,14.88],[-91.436,14.88],[-91.437,14.88],[-91.437,14.887],[-91.439,14.89],[-91.456,14.899],[-91.465,14.901],[-91.466,14.9],[-91.464,14.899],[-91.466,14.896],[-91.465,14.895],[-91.471,14.888],[-91.474,14.879],[-91.477,14.879],[-91.477,14.878],[-91.481,14.879],[-91.495,14.878],[-91.505,14.893],[-91.516,14.915],[-91.517,14.923],[-91.524,14.932],[-91.525,14.946],[-91.557,14.938],[-91.533,14.958],[-91.534,14.961],[-91.532,14.964],[-91.533,14.971],[-91.54,14.976],[-91.549,15.111],[-91.512,15.145],[-91.52,15.206],[-91.569,15.224],[-91.586,15.171],[-91.629,15.148],[-91.673,15.146],[-91.68,15.138],[-91.684,15.139],[-91.687,15.134],[-91.685,15.131],[-91.691,15.125],[-91.693,15.118],[-91.697,15.118],[-91.698,15.114],[-91.702,15.111],[-91.703,15.102],[-91.696,15.09],[-91.696,15.083],[-91.688,15.078],[-91.682,15.071],[-91.676,15.069],[-91.671,15.059],[-91.661,15.055],[-91.666,15.026],[-91.679,14.965],[-91.675,14.954],[-91.68,14.947],[-91.688,14.943],[-91.694,14.935],[-91.7,14.933],[-91.701,14.931],[-91.711,14.925],[-91.725,14.922],[-91.722,14.914],[-91.713,14.903],[-91.713,14.901],[-91.723,14.895],[-91.724,14.892],[-91.727,14.891],[-91.728,14.893],[-91.731,14.892],[-91.734,14.893],[-91.738,14.892],[-91.741,14.884],[-91.745,14.88],[-91.754,14.877],[-91.757,14.873],[-91.758,14.871],[-91.758,14.862],[-91.763,14.857],[-91.764,14.851],[-91.776,14.832],[-91.773,14.824],[-91.782,14.815],[-91.783,14.813],[-91.783,14.799],[-91.779,14.792],[-91.78,14.79],[-91.782,14.785],[-91.778,14.779],[-91.783,14.772],[-91.785,14.768],[-91.784,14.765],[-91.789,14.756],[-91.791,14.742],[-91.794,14.738],[-91.803,14.731],[-91.809,14.732],[-91.821,14.731],[-91.823,14.729],[-91.825,14.723],[-91.831,14.718],[-91.844,14.715],[-91.847,14.715],[-91.849,14.718],[-91.853,14.719],[-91.859,14.719],[-91.863,14.717],[-91.877,14.718],[-91.881,14.716],[-91.898,14.718],[-91.901,14.716],[-91.907,14.721],[-91.911,14.72],[-91.913,14.723],[-91.916,14.722],[-91.918,14.725],[-91.925,14.724],[-91.931,14.728],[-91.934,14.726],[-91.936,14.727],[-91.94,14.724],[-91.945,14.726],[-91.951,14.719],[-91.955,14.717],[-91.956,14.713],[-91.961,14.711],[-91.968,14.713],[-91.982,14.711],[-92.01,14.714],[-92.023,14.718],[-92.028,14.717],[-92.032,14.713],[-92.038,14.713],[-92.042,14.708],[-92.052,14.707],[-92.06,14.694],[-92.065,14.691],[-92.071,14.683],[-92.083,14.685],[-92.089,14.679],[-92.093,14.665],[-92.097,14.658],[-92.104,14.659],[-92.107,14.658],[-92.108,14.652],[-92.116,14.641],[-92.139,14.625],[-92.14,14.617],[-92.087,14.592],[-92.085,14.598],[-92.054,14.588],[-92.056,14.571],[-92.05,14.565],[-92.036,14.559],[-92.025,14.551],[-92.007,14.546],[-91.997,14.538],[-91.976,14.539],[-91.972,14.537],[-91.971,14.534],[-91.964,14.532],[-91.947,14.52],[-91.939,14.524],[-91.933,14.52],[-91.924,14.517],[-91.916,14.516],[-91.91,14.509],[-91.889,14.51],[-91.885,14.506],[-91.879,14.512],[-91.874,14.514],[-91.868,14.508],[-91.858,14.505],[-91.848,14.499],[-91.836,14.498],[-91.834,14.494],[-91.825,14.493],[-91.823,14.495],[-91.823,14.497],[-91.821,14.498],[-91.807,14.494],[-91.804,14.502],[-91.8,14.505],[-91.801,14.506],[-91.803,14.512],[-91.801,14.514],[-91.801,14.521],[-91.798,14.525],[-91.796,14.533],[-91.793,14.534],[-91.789,14.54],[-91.782,14.565],[-91.788,14.577],[-91.786,14.582],[-91.785,14.588],[-91.781,14.595],[-91.757,14.59],[-91.754,14.605],[-91.754,14.609],[-91.756,14.611],[-91.755,14.632],[-91.751,14.646],[-91.747,14.648],[-91.742,14.657],[-91.735,14.673],[-91.733,14.671],[-91.734,14.668],[-91.714,14.656],[-91.716,14.665],[-91.713,14.669],[-91.704,14.69],[-91.682,14.71],[-91.672,14.711],[-91.672,14.715],[-91.669,14.716],[-91.666,14.713],[-91.668,14.706],[-91.668,14.699],[-91.67,14.693],[-91.668,14.688],[-91.673,14.681],[-91.674,14.666],[-91.681,14.657],[-91.681,14.646],[-91.682,14.64],[-91.677,14.64],[-91.674,14.647],[-91.669,14.651],[-91.666,14.65],[-91.666,14.633],[-91.66,14.617],[-91.656,14.617],[-91.657,14.608],[-91.65,14.612],[-91.639,14.623],[-91.638,14.635],[-91.629,14.642],[-91.626,14.654],[-91.608,14.653],[-91.61,14.649],[-91.609,14.645],[-91.612,14.634],[-91.61,14.627],[-91.609,14.626],[-91.596,14.632],[-91.592,14.636],[-91.591,14.646],[-91.587,14.649],[-91.58,14.652],[-91.571,14.65],[-91.552,14.67],[-91.541,14.678],[-91.533,14.689],[-91.534,14.687],[-91.53,14.68],[-91.523,14.681],[-91.523,14.682],[-91.521,14.685],[-91.514,14.686],[-91.507,14.69],[-91.487,14.711]]]}},{"type":"Feature","properties":{"nombre":"Retalhuleu","iso":"GT-RE"},"geometry":{"type":"Polygon","coordinates":[[[-91.523,14.682],[-91.523,14.681],[-91.53,14.68],[-91.534,14.687],[-91.533,14.689],[-91.541,14.678],[-91.552,14.67],[-91.571,14.65],[-91.58,14.652],[-91.587,14.649],[-91.591,14.646],[-91.592,14.636],[-91.596,14.632],[-91.609,14.626],[-91.61,14.627],[-91.612,14.634],[-91.609,14.645],[-91.61,14.649],[-91.608,14.653],[-91.626,14.654],[-91.629,14.642],[-91.638,14.635],[-91.639,14.623],[-91.65,14.612],[-91.657,14.608],[-91.656,14.617],[-91.66,14.617],[-91.666,14.633],[-91.666,14.65],[-91.669,14.651],[-91.674,14.647],[-91.677,14.64],[-91.682,14.64],[-91.681,14.646],[-91.681,14.657],[-91.674,14.666],[-91.673,14.681],[-91.668,14.688],[-91.67,14.693],[-91.668,14.699],[-91.668,14.706],[-91.666,14.713],[-91.669,14.716],[-91.672,14.715],[-91.672,14.711],[-91.682,14.71],[-91.704,14.69],[-91.713,14.669],[-91.716,14.665],[-91.714,14.656],[-91.734,14.668],[-91.733,14.671],[-91.735,14.673],[-91.742,14.657],[-91.747,14.648],[-91.751,14.646],[-91.755,14.632],[-91.756,14.611],[-91.754,14.609],[-91.754,14.605],[-91.757,14.59],[-91.781,14.595],[-91.785,14.588],[-91.786,14.582],[-91.788,14.577],[-91.782,14.565],[-91.789,14.54],[-91.793,14.534],[-91.796,14.533],[-91.798,14.525],[-91.801,14.521],[-91.801,14.514],[-91.803,14.512],[-91.801,14.506],[-91.8,14.505],[-91.804,14.502],[-91.807,14.494],[-91.821,14.498],[-91.823,14.497],[-91.823,14.495],[-91.825,14.493],[-91.834,14.494],[-91.836,14.498],[-91.848,14.499],[-91.858,14.505],[-91.868,14.508],[-91.874,14.514],[-91.879,14.512],[-91.885,14.506],[-91.889,14.51],[-91.91,14.509],[-91.916,14.516],[-91.924,14.517],[-91.933,14.52],[-91.939,14.524],[-91.947,14.52],[-91.964,14.532],[-91.971,14.534],[-91.972,14.537],[-91.976,14.539],[-91.997,14.538],[-92.007,14.546],[-92.025,14.551],[-92.036,14.559],[-92.05,14.565],[-92.059,14.56],[-92.061,14.557],[-92.08,14.548],[-92.082,14.541],[-92.105,14.53],[-92.104,14.527],[-92.109,14.523],[-92.109,14.516],[-92.115,14.51],[-92.115,14.504],[-92.118,14.503],[-92.12,14.507],[-92.123,14.505],[-92.125,14.508],[-92.133,14.51],[-92.134,14.508],[-92.139,14.507],[-92.143,14.504],[-92.144,14.501],[-92.143,14.494],[-92.152,14.49],[-92.157,14.491],[-92.157,14.49],[-92.159,14.491],[-92.164,14.486],[-92.132,14.464],[-92.056,14.406],[-92.0,14.361],[-91.995,14.364],[-91.999,14.361],[-91.994,14.356],[-91.947,14.317],[-91.921,14.299],[-91.918,14.295],[-91.917,14.298],[-91.915,14.297],[-91.918,14.293],[-91.898,14.28],[-91.897,14.284],[-91.892,14.283],[-91.89,14.285],[-91.891,14.287],[-91.887,14.289],[-91.884,14.296],[-91.885,14.289],[-91.882,14.289],[-91.878,14.293],[-91.878,14.295],[-91.876,14.295],[-91.877,14.294],[-91.877,14.291],[-91.88,14.29],[-91.883,14.287],[-91.888,14.286],[-91.891,14.28],[-91.894,14.281],[-91.894,14.279],[-91.896,14.28],[-91.896,14.279],[-91.886,14.272],[-91.885,14.272],[-91.885,14.276],[-91.884,14.272],[-91.878,14.273],[-91.884,14.272],[-91.884,14.27],[-91.875,14.264],[-91.875,14.268],[-91.874,14.265],[-91.871,14.266],[-91.87,14.275],[-91.868,14.272],[-91.868,14.27],[-91.866,14.27],[-91.865,14.274],[-91.865,14.273],[-91.862,14.27],[-91.868,14.268],[-91.869,14.265],[-91.871,14.265],[-91.873,14.262],[-91.862,14.254],[-91.86,14.254],[-91.859,14.258],[-91.858,14.264],[-91.86,14.267],[-91.859,14.266],[-91.858,14.27],[-91.855,14.27],[-91.855,14.275],[-91.854,14.269],[-91.857,14.269],[-91.858,14.267],[-91.858,14.265],[-91.857,14.264],[-91.853,14.266],[-91.856,14.265],[-91.858,14.258],[-91.854,14.259],[-91.859,14.256],[-91.859,14.254],[-91.856,14.252],[-91.853,14.255],[-91.851,14.259],[-91.85,14.258],[-91.851,14.255],[-91.847,14.257],[-91.843,14.256],[-91.841,14.262],[-91.835,14.266],[-91.835,14.264],[-91.84,14.261],[-91.841,14.259],[-91.836,14.261],[-91.834,14.26],[-91.841,14.258],[-91.842,14.254],[-91.838,14.254],[-91.843,14.254],[-91.845,14.252],[-91.843,14.255],[-91.848,14.254],[-91.849,14.252],[-91.853,14.253],[-91.856,14.249],[-91.842,14.24],[-91.818,14.22],[-91.798,14.2],[-91.789,14.192],[-91.754,14.176],[-91.722,14.158],[-91.669,14.125],[-91.665,14.124],[-91.659,14.128],[-91.66,14.131],[-91.665,14.134],[-91.666,14.138],[-91.66,14.147],[-91.651,14.154],[-91.652,14.156],[-91.651,14.158],[-91.653,14.159],[-91.651,14.16],[-91.652,14.162],[-91.649,14.162],[-91.649,14.164],[-91.651,14.165],[-91.648,14.166],[-91.649,14.167],[-91.647,14.168],[-91.648,14.169],[-91.646,14.171],[-91.645,14.17],[-91.643,14.173],[-91.642,14.171],[-91.64,14.172],[-91.641,14.174],[-91.644,14.175],[-91.645,14.176],[-91.642,14.176],[-91.642,14.179],[-91.645,14.179],[-91.645,14.181],[-91.643,14.183],[-91.642,14.183],[-91.64,14.185],[-91.641,14.185],[-91.642,14.187],[-91.64,14.191],[-91.642,14.192],[-91.638,14.194],[-91.637,14.192],[-91.634,14.196],[-91.632,14.195],[-91.632,14.199],[-91.629,14.199],[-91.627,14.202],[-91.626,14.201],[-91.627,14.203],[-91.625,14.203],[-91.627,14.204],[-91.624,14.207],[-91.625,14.211],[-91.622,14.212],[-91.623,14.214],[-91.621,14.216],[-91.622,14.22],[-91.62,14.221],[-91.623,14.223],[-91.621,14.224],[-91.622,14.226],[-91.62,14.228],[-91.623,14.231],[-91.621,14.232],[-91.621,14.235],[-91.623,14.236],[-91.621,14.245],[-91.624,14.244],[-91.626,14.245],[-91.622,14.25],[-91.624,14.255],[-91.623,14.257],[-91.625,14.258],[-91.624,14.26],[-91.626,14.261],[-91.626,14.263],[-91.624,14.262],[-91.622,14.263],[-91.625,14.267],[-91.622,14.27],[-91.621,14.27],[-91.621,14.274],[-91.618,14.272],[-91.62,14.277],[-91.617,14.281],[-91.619,14.281],[-91.619,14.285],[-91.618,14.285],[-91.616,14.287],[-91.613,14.286],[-91.616,14.293],[-91.614,14.293],[-91.612,14.289],[-91.611,14.29],[-91.609,14.295],[-91.611,14.297],[-91.61,14.3],[-91.606,14.301],[-91.608,14.307],[-91.605,14.309],[-91.608,14.31],[-91.607,14.314],[-91.605,14.313],[-91.604,14.318],[-91.602,14.319],[-91.599,14.318],[-91.599,14.32],[-91.596,14.32],[-91.597,14.322],[-91.595,14.323],[-91.594,14.325],[-91.598,14.327],[-91.597,14.329],[-91.593,14.329],[-91.596,14.332],[-91.593,14.335],[-91.594,14.337],[-91.593,14.339],[-91.591,14.338],[-91.588,14.339],[-91.592,14.342],[-91.595,14.339],[-91.595,14.342],[-91.6,14.344],[-91.597,14.347],[-91.599,14.35],[-91.598,14.351],[-91.597,14.35],[-91.596,14.351],[-91.599,14.352],[-91.598,14.355],[-91.601,14.357],[-91.601,14.358],[-91.596,14.359],[-91.598,14.365],[-91.596,14.365],[-91.594,14.371],[-91.596,14.373],[-91.592,14.377],[-91.593,14.38],[-91.596,14.383],[-91.595,14.384],[-91.595,14.387],[-91.597,14.388],[-91.589,14.392],[-91.59,14.396],[-91.588,14.398],[-91.59,14.4],[-91.583,14.407],[-91.585,14.413],[-91.584,14.415],[-91.585,14.417],[-91.583,14.417],[-91.584,14.42],[-91.583,14.421],[-91.586,14.424],[-91.584,14.429],[-91.584,14.436],[-91.583,14.437],[-91.581,14.444],[-91.582,14.448],[-91.581,14.452],[-91.582,14.458],[-91.581,14.46],[-91.584,14.464],[-91.581,14.467],[-91.581,14.473],[-91.584,14.475],[-91.583,14.479],[-91.58,14.482],[-91.58,14.488],[-91.581,14.489],[-91.583,14.489],[-91.582,14.491],[-91.585,14.494],[-91.581,14.501],[-91.584,14.503],[-91.582,14.504],[-91.583,14.513],[-91.584,14.515],[-91.584,14.519],[-91.587,14.523],[-91.588,14.527],[-91.587,14.529],[-91.589,14.531],[-91.589,14.538],[-91.585,14.543],[-91.581,14.552],[-91.581,14.555],[-91.578,14.559],[-91.576,14.57],[-91.573,14.576],[-91.572,14.597],[-91.571,14.604],[-91.566,14.61],[-91.563,14.63],[-91.546,14.656],[-91.541,14.657],[-91.534,14.663],[-91.52,14.671],[-91.517,14.675],[-91.523,14.682]]]}},{"type":"Feature","properties":{"nombre":"Baja Verapaz","iso":"GT-BV"},"geometry":{"type":"Polygon","coordinates":[[[-90.485,15.283],[-90.488,15.275],[-90.492,15.274],[-90.491,15.266],[-90.495,15.264],[-90.498,15.259],[-90.506,15.256],[-90.509,15.247],[-90.516,15.243],[-90.515,15.238],[-90.522,15.235],[-90.523,15.224],[-90.526,15.221],[-90.528,15.216],[-90.532,15.212],[-90.542,15.205],[-90.553,15.202],[-90.562,15.203],[-90.571,15.211],[-90.576,15.209],[-90.584,15.209],[-90.587,15.213],[-90.59,15.214],[-90.592,15.207],[-90.595,15.205],[-90.599,15.199],[-90.604,15.199],[-90.609,15.206],[-90.621,15.206],[-90.626,15.207],[-90.627,15.209],[-90.633,15.212],[-90.635,15.207],[-90.643,15.207],[-90.644,15.212],[-90.648,15.211],[-90.658,15.206],[-90.66,15.207],[-90.667,15.207],[-90.679,15.206],[-90.683,15.204],[-90.697,15.205],[-90.704,15.207],[-90.711,15.204],[-90.718,15.207],[-90.722,15.205],[-90.726,15.207],[-90.729,15.205],[-90.733,15.205],[-90.736,15.212],[-90.752,15.221],[-90.759,15.219],[-90.763,15.222],[-90.777,15.22],[-90.784,15.232],[-90.792,15.238],[-90.804,15.232],[-90.809,15.235],[-90.806,15.153],[-90.776,15.103],[-90.75,15.064],[-90.654,14.996],[-90.655,14.991],[-90.653,14.988],[-90.658,14.986],[-90.66,14.963],[-90.656,14.956],[-90.646,14.953],[-90.642,14.946],[-90.641,14.938],[-90.636,14.93],[-90.637,14.925],[-90.63,14.92],[-90.617,14.915],[-90.615,14.901],[-90.618,14.898],[-90.622,14.888],[-90.625,14.888],[-90.625,14.887],[-90.621,14.885],[-90.619,14.877],[-90.616,14.875],[-90.607,14.88],[-90.603,14.877],[-90.591,14.871],[-90.589,14.875],[-90.588,14.875],[-90.579,14.869],[-90.577,14.872],[-90.574,14.871],[-90.569,14.873],[-90.566,14.877],[-90.564,14.876],[-90.563,14.872],[-90.558,14.875],[-90.556,14.875],[-90.553,14.877],[-90.549,14.877],[-90.543,14.883],[-90.538,14.883],[-90.537,14.886],[-90.528,14.883],[-90.524,14.887],[-90.52,14.886],[-90.509,14.889],[-90.499,14.895],[-90.495,14.893],[-90.493,14.895],[-90.49,14.888],[-90.485,14.887],[-90.482,14.884],[-90.478,14.884],[-90.474,14.879],[-90.47,14.88],[-90.465,14.883],[-90.458,14.883],[-90.456,14.882],[-90.443,14.883],[-90.435,14.886],[-90.438,14.888],[-90.435,14.892],[-90.436,14.899],[-90.434,14.905],[-90.433,14.909],[-90.428,14.911],[-90.424,14.915],[-90.421,14.912],[-90.407,14.909],[-90.408,14.902],[-90.401,14.895],[-90.402,14.887],[-90.398,14.881],[-90.396,14.88],[-90.396,14.876],[-90.394,14.874],[-90.386,14.873],[-90.379,14.874],[-90.376,14.873],[-90.371,14.872],[-90.369,14.873],[-90.364,14.875],[-90.361,14.872],[-90.355,14.874],[-90.348,14.873],[-90.343,14.875],[-90.341,14.874],[-90.336,14.879],[-90.332,14.879],[-90.328,14.879],[-90.325,14.876],[-90.316,14.876],[-90.313,14.877],[-90.312,14.879],[-90.308,14.879],[-90.303,14.886],[-90.304,14.887],[-90.303,14.889],[-90.309,14.895],[-90.313,14.895],[-90.316,14.898],[-90.32,14.899],[-90.318,14.902],[-90.321,14.906],[-90.314,14.918],[-90.194,15.0],[-90.121,15.027],[-90.116,15.027],[-90.12,15.037],[-90.085,15.046],[-90.069,15.041],[-90.062,15.042],[-90.05,15.046],[-90.045,15.052],[-90.035,15.057],[-90.027,15.063],[-90.017,15.066],[-90.009,15.076],[-89.965,15.076],[-89.946,15.083],[-89.933,15.085],[-89.917,15.084],[-89.907,15.085],[-89.902,15.088],[-89.904,15.097],[-89.913,15.116],[-89.92,15.14],[-89.948,15.146],[-89.958,15.154],[-89.992,15.142],[-89.942,15.211],[-89.935,15.231],[-89.917,15.302],[-89.92,15.294],[-89.935,15.279],[-89.948,15.273],[-89.949,15.274],[-89.963,15.274],[-90.0,15.27],[-90.021,15.271],[-90.063,15.262],[-90.117,15.266],[-90.157,15.264],[-90.201,15.265],[-90.217,15.272],[-90.25,15.273],[-90.281,15.292],[-90.29,15.294],[-90.293,15.291],[-90.296,15.282],[-90.294,15.28],[-90.305,15.247],[-90.314,15.243],[-90.328,15.241],[-90.328,15.23],[-90.331,15.226],[-90.335,15.226],[-90.349,15.241],[-90.368,15.256],[-90.403,15.269],[-90.403,15.272],[-90.4,15.276],[-90.403,15.28],[-90.407,15.279],[-90.417,15.283],[-90.42,15.28],[-90.424,15.281],[-90.442,15.283],[-90.455,15.281],[-90.475,15.284],[-90.485,15.283]]]}},{"type":"Feature","properties":{"nombre":"Sololá","iso":"GT-SO"},"geometry":{"type":"Polygon","coordinates":[[[-91.119,14.515],[-91.116,14.519],[-91.115,14.529],[-91.114,14.531],[-91.116,14.542],[-91.114,14.547],[-91.115,14.555],[-91.113,14.56],[-91.116,14.565],[-91.113,14.568],[-91.119,14.574],[-91.116,14.581],[-91.117,14.586],[-91.111,14.59],[-91.109,14.597],[-91.112,14.603],[-91.111,14.611],[-91.108,14.616],[-91.11,14.62],[-91.108,14.629],[-91.103,14.63],[-91.102,14.635],[-91.098,14.639],[-91.098,14.642],[-91.091,14.653],[-91.091,14.663],[-91.09,14.664],[-91.089,14.67],[-91.079,14.682],[-91.078,14.693],[-91.075,14.699],[-91.078,14.705],[-91.077,14.71],[-91.08,14.718],[-91.084,14.718],[-91.085,14.731],[-91.079,14.732],[-91.076,14.727],[-91.073,14.73],[-91.077,14.738],[-91.073,14.749],[-91.077,14.76],[-91.072,14.781],[-91.069,14.789],[-91.069,14.791],[-91.077,14.792],[-91.072,14.802],[-91.088,14.821],[-91.103,14.835],[-91.125,14.853],[-91.132,14.867],[-91.135,14.868],[-91.138,14.867],[-91.141,14.862],[-91.151,14.867],[-91.156,14.871],[-91.155,14.876],[-91.159,14.889],[-91.161,14.89],[-91.173,14.891],[-91.175,14.893],[-91.206,14.879],[-91.211,14.872],[-91.215,14.857],[-91.246,14.849],[-91.263,14.841],[-91.273,14.858],[-91.275,14.859],[-91.287,14.859],[-91.298,14.868],[-91.348,14.864],[-91.363,14.851],[-91.363,14.848],[-91.404,14.821],[-91.407,14.801],[-91.444,14.764],[-91.447,14.741],[-91.448,14.74],[-91.462,14.739],[-91.473,14.725],[-91.485,14.718],[-91.487,14.711],[-91.487,14.695],[-91.489,14.685],[-91.482,14.66],[-91.48,14.637],[-91.491,14.626],[-91.507,14.602],[-91.483,14.595],[-91.482,14.603],[-91.465,14.6],[-91.452,14.601],[-91.447,14.597],[-91.446,14.601],[-91.447,14.607],[-91.422,14.635],[-91.415,14.636],[-91.411,14.641],[-91.402,14.64],[-91.398,14.643],[-91.391,14.638],[-91.391,14.635],[-91.376,14.635],[-91.367,14.64],[-91.361,14.638],[-91.356,14.643],[-91.331,14.643],[-91.329,14.634],[-91.321,14.638],[-91.31,14.631],[-91.306,14.626],[-91.312,14.621],[-91.313,14.615],[-91.303,14.613],[-91.3,14.609],[-91.285,14.607],[-91.282,14.597],[-91.275,14.544],[-91.271,14.541],[-91.27,14.535],[-91.266,14.531],[-91.256,14.533],[-91.255,14.531],[-91.255,14.526],[-91.254,14.526],[-91.253,14.527],[-91.253,14.535],[-91.251,14.538],[-91.244,14.542],[-91.227,14.555],[-91.224,14.556],[-91.219,14.556],[-91.201,14.562],[-91.189,14.562],[-91.179,14.561],[-91.176,14.557],[-91.159,14.554],[-91.16,14.558],[-91.144,14.551],[-91.136,14.545],[-91.129,14.534],[-91.128,14.525],[-91.125,14.523],[-91.124,14.517],[-91.119,14.515]],[[-91.172,14.744],[-91.169,14.747],[-91.164,14.746],[-91.163,14.739],[-91.158,14.733],[-91.149,14.732],[-91.144,14.73],[-91.139,14.721],[-91.136,14.721],[-91.133,14.718],[-91.13,14.702],[-91.12,14.697],[-91.117,14.693],[-91.119,14.68],[-91.116,14.673],[-91.117,14.67],[-91.116,14.664],[-91.117,14.66],[-91.127,14.66],[-91.127,14.657],[-91.135,14.65],[-91.133,14.646],[-91.135,14.642],[-91.135,14.635],[-91.139,14.633],[-91.141,14.638],[-91.144,14.638],[-91.141,14.644],[-91.143,14.65],[-91.145,14.65],[-91.144,14.652],[-91.146,14.654],[-91.153,14.655],[-91.153,14.66],[-91.155,14.66],[-91.151,14.664],[-91.153,14.665],[-91.159,14.66],[-91.159,14.662],[-91.161,14.663],[-91.159,14.665],[-91.163,14.665],[-91.166,14.675],[-91.166,14.672],[-91.17,14.674],[-91.177,14.671],[-91.186,14.672],[-91.189,14.67],[-91.192,14.672],[-91.197,14.671],[-91.199,14.669],[-91.199,14.664],[-91.205,14.665],[-91.206,14.661],[-91.211,14.663],[-91.216,14.662],[-91.221,14.663],[-91.219,14.661],[-91.22,14.66],[-91.22,14.656],[-91.223,14.655],[-91.225,14.656],[-91.225,14.651],[-91.231,14.649],[-91.228,14.645],[-91.228,14.642],[-91.233,14.64],[-91.235,14.637],[-91.232,14.633],[-91.233,14.628],[-91.237,14.625],[-91.239,14.62],[-91.244,14.617],[-91.251,14.609],[-91.253,14.609],[-91.254,14.611],[-91.254,14.616],[-91.257,14.625],[-91.251,14.629],[-91.249,14.634],[-91.245,14.636],[-91.245,14.638],[-91.241,14.639],[-91.238,14.648],[-91.234,14.651],[-91.236,14.654],[-91.24,14.654],[-91.237,14.663],[-91.24,14.665],[-91.241,14.672],[-91.263,14.686],[-91.268,14.69],[-91.27,14.696],[-91.275,14.693],[-91.278,14.695],[-91.282,14.693],[-91.287,14.698],[-91.286,14.705],[-91.283,14.707],[-91.282,14.712],[-91.268,14.716],[-91.267,14.721],[-91.264,14.723],[-91.261,14.719],[-91.256,14.723],[-91.252,14.721],[-91.248,14.721],[-91.243,14.723],[-91.243,14.728],[-91.24,14.73],[-91.232,14.727],[-91.22,14.735],[-91.212,14.736],[-91.209,14.739],[-91.205,14.739],[-91.2,14.74],[-91.196,14.737],[-91.194,14.738],[-91.193,14.741],[-91.187,14.742],[-91.179,14.739],[-91.172,14.744]]]}},{"type":"Feature","properties":{"nombre":"Escuintla","iso":"GT-ES"},"geometry":{"type":"Polygon","coordinates":[[[-91.536,14.044],[-91.468,14.018],[-91.336,13.962],[-91.308,13.951],[-91.236,13.934],[-91.187,13.926],[-91.078,13.915],[-90.952,13.914],[-90.915,13.911],[-90.886,13.914],[-90.809,13.918],[-90.81,13.919],[-90.817,13.919],[-90.812,13.919],[-90.818,13.92],[-90.817,13.923],[-90.818,13.925],[-90.815,13.924],[-90.816,13.926],[-90.814,13.926],[-90.815,13.923],[-90.81,13.921],[-90.811,13.925],[-90.808,13.924],[-90.808,13.927],[-90.806,13.928],[-90.805,13.921],[-90.803,13.921],[-90.802,13.919],[-90.805,13.919],[-90.803,13.918],[-90.804,13.918],[-90.791,13.917],[-90.79,13.916],[-90.785,13.915],[-90.79,13.916],[-90.792,13.92],[-90.797,13.92],[-90.802,13.923],[-90.802,13.924],[-90.797,13.925],[-90.796,13.926],[-90.795,13.924],[-90.791,13.925],[-90.791,13.929],[-90.788,13.929],[-90.785,13.922],[-90.787,13.921],[-90.785,13.921],[-90.787,13.921],[-90.785,13.921],[-90.784,13.918],[-90.784,13.921],[-90.775,13.923],[-90.773,13.922],[-90.772,13.923],[-90.77,13.924],[-90.738,13.926],[-90.722,13.925],[-90.71,13.928],[-90.665,13.927],[-90.624,13.922],[-90.624,14.002],[-90.617,14.014],[-90.619,14.017],[-90.617,14.07],[-90.59,14.07],[-90.589,14.079],[-90.592,14.083],[-90.59,14.092],[-90.584,14.094],[-90.575,14.099],[-90.566,14.101],[-90.562,14.098],[-90.555,14.101],[-90.554,14.122],[-90.555,14.125],[-90.564,14.126],[-90.567,14.134],[-90.593,14.137],[-90.591,14.158],[-90.567,14.157],[-90.549,14.172],[-90.53,14.18],[-90.52,14.193],[-90.509,14.199],[-90.519,14.202],[-90.529,14.216],[-90.54,14.205],[-90.552,14.197],[-90.558,14.195],[-90.562,14.196],[-90.565,14.2],[-90.575,14.203],[-90.597,14.195],[-90.602,14.207],[-90.601,14.211],[-90.597,14.217],[-90.595,14.225],[-90.59,14.23],[-90.586,14.238],[-90.588,14.242],[-90.579,14.247],[-90.573,14.257],[-90.573,14.268],[-90.569,14.272],[-90.567,14.281],[-90.569,14.286],[-90.576,14.29],[-90.577,14.299],[-90.591,14.307],[-90.611,14.355],[-90.588,14.396],[-90.59,14.406],[-90.588,14.427],[-90.626,14.438],[-90.651,14.452],[-90.742,14.464],[-90.744,14.458],[-90.767,14.439],[-90.773,14.43],[-90.781,14.431],[-90.784,14.43],[-90.791,14.412],[-90.792,14.401],[-90.797,14.388],[-90.803,14.383],[-90.805,14.383],[-90.814,14.389],[-90.816,14.408],[-90.819,14.409],[-90.825,14.417],[-90.834,14.423],[-90.834,14.43],[-90.843,14.447],[-90.853,14.45],[-90.868,14.465],[-90.88,14.472],[-90.889,14.456],[-90.891,14.45],[-90.896,14.446],[-90.91,14.438],[-90.923,14.427],[-90.932,14.425],[-90.938,14.419],[-90.947,14.409],[-90.957,14.396],[-90.964,14.392],[-90.968,14.384],[-90.967,14.38],[-90.973,14.373],[-90.977,14.397],[-90.976,14.409],[-90.978,14.411],[-90.98,14.412],[-90.982,14.419],[-90.989,14.42],[-90.988,14.429],[-90.995,14.431],[-90.997,14.43],[-90.999,14.433],[-90.997,14.437],[-90.999,14.439],[-91.008,14.433],[-91.01,14.423],[-91.016,14.421],[-91.018,14.412],[-91.032,14.406],[-91.03,14.416],[-91.033,14.426],[-91.036,14.427],[-91.038,14.424],[-91.039,14.428],[-91.052,14.429],[-91.059,14.419],[-91.07,14.417],[-91.072,14.411],[-91.076,14.407],[-91.081,14.406],[-91.085,14.401],[-91.09,14.406],[-91.094,14.406],[-91.096,14.411],[-91.101,14.412],[-91.107,14.41],[-91.113,14.404],[-91.118,14.398],[-91.121,14.389],[-91.137,14.375],[-91.132,14.37],[-91.132,14.362],[-91.125,14.357],[-91.129,14.342],[-91.128,14.332],[-91.131,14.321],[-91.138,14.321],[-91.138,14.315],[-91.142,14.314],[-91.14,14.311],[-91.146,14.305],[-91.147,14.298],[-91.145,14.295],[-91.146,14.287],[-91.148,14.283],[-91.154,14.288],[-91.158,14.285],[-91.265,14.304],[-91.262,14.312],[-91.263,14.319],[-91.256,14.333],[-91.257,14.336],[-91.268,14.336],[-91.268,14.329],[-91.276,14.328],[-91.28,14.322],[-91.28,14.314],[-91.282,14.309],[-91.32,14.318],[-91.332,14.322],[-91.342,14.318],[-91.345,14.327],[-91.337,14.34],[-91.34,14.352],[-91.34,14.357],[-91.335,14.366],[-91.334,14.372],[-91.331,14.376],[-91.335,14.379],[-91.333,14.384],[-91.323,14.396],[-91.323,14.398],[-91.327,14.398],[-91.331,14.395],[-91.348,14.381],[-91.36,14.38],[-91.364,14.377],[-91.373,14.375],[-91.376,14.36],[-91.383,14.358],[-91.385,14.355],[-91.385,14.348],[-91.387,14.339],[-91.389,14.336],[-91.395,14.337],[-91.411,14.29],[-91.421,14.284],[-91.428,14.283],[-91.43,14.288],[-91.434,14.323],[-91.442,14.321],[-91.448,14.317],[-91.45,14.312],[-91.46,14.305],[-91.458,14.3],[-91.461,14.294],[-91.455,14.293],[-91.454,14.282],[-91.463,14.27],[-91.459,14.268],[-91.454,14.269],[-91.449,14.255],[-91.452,14.25],[-91.448,14.239],[-91.45,14.227],[-91.446,14.22],[-91.445,14.214],[-91.447,14.211],[-91.453,14.209],[-91.453,14.207],[-91.448,14.203],[-91.448,14.198],[-91.455,14.193],[-91.457,14.183],[-91.46,14.179],[-91.486,14.152],[-91.488,14.133],[-91.503,14.12],[-91.509,14.104],[-91.52,14.092],[-91.533,14.082],[-91.531,14.071],[-91.535,14.06],[-91.532,14.055],[-91.531,14.05],[-91.536,14.044]]]}},{"type":"Feature","properties":{"nombre":"Chimaltenango","iso":"GT-CM"},"geometry":{"type":"Polygon","coordinates":[[[-91.101,14.412],[-91.096,14.411],[-91.094,14.406],[-91.09,14.406],[-91.085,14.401],[-91.081,14.406],[-91.076,14.407],[-91.072,14.411],[-91.07,14.417],[-91.059,14.419],[-91.052,14.429],[-91.039,14.428],[-91.038,14.424],[-91.036,14.427],[-91.033,14.426],[-91.03,14.416],[-91.032,14.406],[-91.018,14.412],[-91.016,14.421],[-91.01,14.423],[-91.008,14.433],[-90.999,14.439],[-90.997,14.437],[-90.999,14.433],[-90.997,14.43],[-90.995,14.431],[-90.988,14.429],[-90.989,14.42],[-90.982,14.419],[-90.98,14.412],[-90.978,14.411],[-90.976,14.409],[-90.977,14.397],[-90.973,14.373],[-90.967,14.38],[-90.968,14.384],[-90.964,14.392],[-90.957,14.396],[-90.947,14.409],[-90.938,14.419],[-90.932,14.425],[-90.923,14.427],[-90.91,14.438],[-90.896,14.446],[-90.891,14.45],[-90.889,14.456],[-90.88,14.472],[-90.873,14.498],[-90.874,14.503],[-90.868,14.531],[-90.862,14.533],[-90.85,14.559],[-90.836,14.56],[-90.823,14.557],[-90.82,14.555],[-90.818,14.555],[-90.812,14.561],[-90.804,14.573],[-90.804,14.579],[-90.801,14.581],[-90.8,14.588],[-90.793,14.595],[-90.792,14.605],[-90.789,14.611],[-90.791,14.624],[-90.783,14.632],[-90.778,14.627],[-90.778,14.634],[-90.775,14.64],[-90.768,14.643],[-90.764,14.65],[-90.759,14.662],[-90.771,14.69],[-90.769,14.694],[-90.768,14.706],[-90.766,14.709],[-90.763,14.709],[-90.759,14.711],[-90.753,14.722],[-90.759,14.732],[-90.76,14.736],[-90.75,14.748],[-90.739,14.759],[-90.735,14.761],[-90.717,14.777],[-90.709,14.778],[-90.701,14.792],[-90.694,14.793],[-90.692,14.798],[-90.687,14.801],[-90.685,14.805],[-90.695,14.816],[-90.692,14.827],[-90.693,14.833],[-90.68,14.84],[-90.676,14.846],[-90.668,14.847],[-90.664,14.849],[-90.66,14.854],[-90.663,14.858],[-90.653,14.864],[-90.647,14.862],[-90.644,14.866],[-90.637,14.867],[-90.632,14.872],[-90.626,14.873],[-90.623,14.878],[-90.619,14.877],[-90.621,14.885],[-90.625,14.887],[-90.631,14.885],[-90.633,14.89],[-90.637,14.888],[-90.64,14.89],[-90.643,14.89],[-90.646,14.891],[-90.65,14.886],[-90.653,14.885],[-90.659,14.889],[-90.664,14.89],[-90.669,14.895],[-90.679,14.899],[-90.68,14.901],[-90.687,14.905],[-90.689,14.909],[-90.691,14.91],[-90.696,14.907],[-90.699,14.91],[-90.7,14.907],[-90.703,14.909],[-90.711,14.909],[-90.716,14.916],[-90.72,14.915],[-90.722,14.916],[-90.726,14.914],[-90.728,14.916],[-90.732,14.914],[-90.738,14.916],[-90.743,14.915],[-90.748,14.918],[-90.753,14.924],[-90.761,14.925],[-90.763,14.924],[-90.77,14.928],[-90.774,14.924],[-90.78,14.922],[-90.78,14.92],[-90.786,14.918],[-90.792,14.922],[-90.795,14.921],[-90.797,14.923],[-90.8,14.922],[-90.803,14.924],[-90.807,14.924],[-90.811,14.922],[-90.813,14.925],[-90.814,14.924],[-90.82,14.925],[-90.821,14.923],[-90.825,14.927],[-90.827,14.925],[-90.831,14.927],[-90.84,14.925],[-90.843,14.927],[-90.848,14.926],[-90.848,14.928],[-90.852,14.928],[-90.854,14.931],[-90.864,14.932],[-90.866,14.931],[-90.87,14.933],[-90.872,14.936],[-90.881,14.933],[-90.887,14.935],[-90.893,14.93],[-90.9,14.931],[-90.902,14.929],[-90.906,14.929],[-90.905,14.928],[-90.91,14.926],[-90.912,14.924],[-90.917,14.925],[-90.917,14.92],[-90.919,14.92],[-90.922,14.922],[-90.927,14.921],[-90.931,14.921],[-90.935,14.924],[-90.941,14.924],[-90.943,14.923],[-90.944,14.926],[-90.951,14.922],[-90.955,14.925],[-90.956,14.924],[-90.964,14.926],[-90.966,14.93],[-90.971,14.933],[-90.973,14.932],[-90.974,14.935],[-90.984,14.936],[-90.989,14.934],[-90.99,14.937],[-90.992,14.936],[-90.997,14.938],[-91.002,14.935],[-91.002,14.933],[-91.012,14.932],[-91.014,14.926],[-91.013,14.923],[-91.015,14.922],[-91.015,14.918],[-91.019,14.913],[-91.018,14.91],[-91.019,14.909],[-91.022,14.91],[-91.025,14.907],[-91.025,14.905],[-91.026,14.904],[-91.023,14.901],[-91.024,14.9],[-91.023,14.897],[-91.023,14.888],[-91.02,14.885],[-91.021,14.88],[-91.024,14.877],[-91.026,14.878],[-91.029,14.877],[-91.03,14.871],[-91.033,14.871],[-91.034,14.869],[-91.034,14.866],[-91.041,14.86],[-91.041,14.855],[-91.044,14.851],[-91.046,14.846],[-91.042,14.839],[-91.034,14.835],[-91.034,14.831],[-91.025,14.826],[-91.025,14.824],[-91.049,14.809],[-91.072,14.802],[-91.077,14.792],[-91.069,14.791],[-91.069,14.789],[-91.072,14.781],[-91.077,14.76],[-91.073,14.749],[-91.077,14.738],[-91.073,14.73],[-91.076,14.727],[-91.079,14.732],[-91.085,14.731],[-91.084,14.718],[-91.08,14.718],[-91.077,14.71],[-91.078,14.705],[-91.075,14.699],[-91.078,14.693],[-91.079,14.682],[-91.089,14.67],[-91.09,14.664],[-91.091,14.663],[-91.091,14.653],[-91.098,14.642],[-91.098,14.639],[-91.102,14.635],[-91.103,14.63],[-91.108,14.629],[-91.11,14.62],[-91.108,14.616],[-91.111,14.611],[-91.112,14.603],[-91.109,14.597],[-91.111,14.59],[-91.117,14.586],[-91.116,14.581],[-91.119,14.574],[-91.113,14.568],[-91.116,14.565],[-91.113,14.56],[-91.115,14.555],[-91.114,14.547],[-91.116,14.542],[-91.114,14.531],[-91.115,14.529],[-91.116,14.519],[-91.119,14.515],[-91.126,14.511],[-91.124,14.497],[-91.12,14.49],[-91.123,14.483],[-91.123,14.477],[-91.126,14.473],[-91.126,14.468],[-91.131,14.457],[-91.107,14.452],[-91.103,14.449],[-91.096,14.449],[-91.094,14.444],[-91.096,14.433],[-91.1,14.428],[-91.097,14.418],[-91.101,14.412]]]}},{"type":"Feature","properties":{"nombre":"Jutiapa","iso":"GT-JU"},"geometry":{"type":"Polygon","coordinates":[[[-89.682,14.531],[-89.681,14.526],[-89.689,14.517],[-89.692,14.496],[-89.702,14.491],[-89.711,14.482],[-89.721,14.481],[-89.729,14.485],[-89.741,14.484],[-89.746,14.486],[-89.758,14.487],[-89.761,14.483],[-89.776,14.485],[-89.783,14.483],[-89.786,14.485],[-89.788,14.482],[-89.795,14.483],[-89.796,14.484],[-89.793,14.486],[-89.792,14.491],[-89.798,14.492],[-89.799,14.489],[-89.802,14.492],[-89.805,14.491],[-89.809,14.493],[-89.809,14.499],[-89.815,14.504],[-89.816,14.506],[-89.82,14.507],[-89.822,14.508],[-89.822,14.512],[-89.821,14.511],[-89.82,14.514],[-89.83,14.51],[-89.832,14.514],[-89.834,14.514],[-89.836,14.511],[-89.835,14.504],[-89.837,14.501],[-89.846,14.492],[-89.849,14.489],[-89.85,14.475],[-89.86,14.47],[-89.865,14.469],[-89.874,14.471],[-89.883,14.464],[-89.889,14.439],[-89.894,14.441],[-89.926,14.463],[-89.975,14.454],[-89.981,14.451],[-89.983,14.435],[-89.985,14.432],[-90.047,14.43],[-90.058,14.389],[-90.091,14.354],[-90.123,14.357],[-90.115,14.342],[-90.117,14.334],[-90.121,14.333],[-90.13,14.336],[-90.141,14.343],[-90.194,14.325],[-90.2,14.32],[-90.199,14.31],[-90.206,14.296],[-90.202,14.273],[-90.207,14.264],[-90.202,14.257],[-90.198,14.256],[-90.188,14.256],[-90.157,14.253],[-90.075,14.203],[-90.062,14.183],[-90.067,14.182],[-90.073,14.177],[-90.068,14.171],[-90.069,14.167],[-90.076,14.163],[-90.08,14.164],[-90.081,14.161],[-90.057,14.127],[-90.055,14.13],[-90.053,14.126],[-90.079,14.06],[-90.099,14.068],[-90.119,14.061],[-90.116,14.049],[-90.116,14.038],[-90.121,14.012],[-90.123,14.011],[-90.117,14.003],[-90.117,14.0],[-90.121,13.996],[-90.147,13.962],[-90.149,13.963],[-90.147,13.967],[-90.146,13.975],[-90.152,13.981],[-90.165,13.972],[-90.168,13.975],[-90.165,13.98],[-90.163,13.989],[-90.167,13.991],[-90.183,13.99],[-90.195,13.992],[-90.2,13.995],[-90.205,14.002],[-90.208,14.002],[-90.213,14.005],[-90.213,14.008],[-90.216,14.01],[-90.226,14.011],[-90.246,14.01],[-90.249,14.008],[-90.256,14.007],[-90.299,14.011],[-90.298,14.005],[-90.293,13.999],[-90.295,13.996],[-90.289,13.985],[-90.289,13.982],[-90.293,13.975],[-90.282,13.953],[-90.276,13.947],[-90.27,13.934],[-90.26,13.935],[-90.258,13.929],[-90.253,13.93],[-90.251,13.929],[-90.253,13.922],[-90.246,13.915],[-90.251,13.906],[-90.251,13.902],[-90.255,13.894],[-90.253,13.89],[-90.249,13.89],[-90.247,13.88],[-90.244,13.878],[-90.242,13.875],[-90.242,13.872],[-90.245,13.868],[-90.244,13.857],[-90.246,13.848],[-90.257,13.843],[-90.258,13.84],[-90.264,13.836],[-90.261,13.816],[-90.259,13.813],[-90.259,13.811],[-90.262,13.811],[-90.262,13.808],[-90.254,13.805],[-90.257,13.803],[-90.262,13.805],[-90.263,13.8],[-90.242,13.792],[-90.243,13.794],[-90.239,13.793],[-90.238,13.792],[-90.24,13.79],[-90.201,13.774],[-90.198,13.776],[-90.189,13.773],[-90.188,13.775],[-90.189,13.777],[-90.188,13.777],[-90.186,13.774],[-90.184,13.775],[-90.184,13.772],[-90.182,13.773],[-90.179,13.77],[-90.187,13.768],[-90.138,13.747],[-90.136,13.746],[-90.134,13.748],[-90.13,13.747],[-90.125,13.743],[-90.121,13.744],[-90.119,13.749],[-90.117,13.749],[-90.114,13.745],[-90.116,13.742],[-90.115,13.74],[-90.11,13.744],[-90.106,13.743],[-90.104,13.74],[-90.102,13.74],[-90.102,13.748],[-90.094,13.752],[-90.093,13.755],[-90.099,13.755],[-90.102,13.757],[-90.1,13.764],[-90.098,13.765],[-90.103,13.772],[-90.107,13.78],[-90.108,13.781],[-90.111,13.777],[-90.114,13.776],[-90.117,13.78],[-90.118,13.786],[-90.118,13.789],[-90.115,13.792],[-90.118,13.797],[-90.116,13.799],[-90.113,13.8],[-90.115,13.806],[-90.108,13.806],[-90.107,13.809],[-90.11,13.821],[-90.113,13.824],[-90.112,13.835],[-90.104,13.838],[-90.1,13.842],[-90.096,13.851],[-90.098,13.854],[-90.098,13.859],[-90.088,13.861],[-90.084,13.867],[-90.081,13.877],[-90.067,13.881],[-90.068,13.884],[-90.067,13.887],[-90.054,13.89],[-90.049,13.893],[-90.04,13.894],[-90.039,13.897],[-90.036,13.897],[-90.036,13.904],[-90.038,13.91],[-90.037,13.917],[-90.036,13.918],[-90.029,13.918],[-90.031,13.924],[-90.031,13.928],[-90.027,13.929],[-90.025,13.937],[-90.023,13.939],[-90.018,13.94],[-90.015,13.944],[-90.012,13.943],[-90.009,13.944],[-90.008,13.949],[-90.001,13.952],[-90.0,13.956],[-89.996,13.956],[-89.993,13.954],[-89.991,13.958],[-89.989,13.958],[-89.988,13.957],[-89.98,13.962],[-89.978,13.96],[-89.975,13.965],[-89.969,13.965],[-89.962,13.97],[-89.96,13.978],[-89.953,13.979],[-89.949,13.983],[-89.948,13.985],[-89.944,13.984],[-89.943,13.987],[-89.939,13.987],[-89.936,13.996],[-89.932,13.993],[-89.928,14.002],[-89.928,14.006],[-89.921,14.007],[-89.919,14.013],[-89.915,14.011],[-89.908,14.014],[-89.904,14.022],[-89.905,14.031],[-89.9,14.034],[-89.898,14.039],[-89.891,14.044],[-89.878,14.042],[-89.873,14.043],[-89.87,14.04],[-89.862,14.041],[-89.86,14.045],[-89.862,14.048],[-89.857,14.053],[-89.856,14.058],[-89.846,14.056],[-89.84,14.058],[-89.837,14.057],[-89.837,14.06],[-89.834,14.06],[-89.833,14.062],[-89.828,14.061],[-89.827,14.059],[-89.825,14.063],[-89.823,14.064],[-89.822,14.062],[-89.817,14.063],[-89.816,14.061],[-89.81,14.057],[-89.809,14.056],[-89.806,14.057],[-89.805,14.054],[-89.801,14.052],[-89.799,14.054],[-89.795,14.048],[-89.792,14.049],[-89.789,14.047],[-89.788,14.042],[-89.786,14.039],[-89.779,14.036],[-89.779,14.034],[-89.776,14.034],[-89.775,14.033],[-89.766,14.035],[-89.765,14.034],[-89.759,14.034],[-89.758,14.032],[-89.757,14.034],[-89.754,14.032],[-89.753,14.035],[-89.746,14.036],[-89.741,14.036],[-89.737,14.032],[-89.736,14.034],[-89.736,14.036],[-89.742,14.04],[-89.745,14.047],[-89.745,14.05],[-89.743,14.055],[-89.746,14.058],[-89.746,14.064],[-89.74,14.076],[-89.741,14.078],[-89.739,14.077],[-89.741,14.082],[-89.738,14.082],[-89.736,14.085],[-89.726,14.119],[-89.714,14.138],[-89.671,14.175],[-89.667,14.185],[-89.63,14.204],[-89.594,14.202],[-89.582,14.203],[-89.572,14.207],[-89.567,14.21],[-89.566,14.209],[-89.564,14.21],[-89.558,14.21],[-89.556,14.213],[-89.557,14.215],[-89.555,14.216],[-89.555,14.218],[-89.553,14.219],[-89.552,14.221],[-89.549,14.223],[-89.543,14.222],[-89.537,14.218],[-89.535,14.219],[-89.533,14.217],[-89.533,14.22],[-89.531,14.218],[-89.528,14.221],[-89.525,14.22],[-89.524,14.223],[-89.526,14.222],[-89.53,14.224],[-89.524,14.225],[-89.522,14.228],[-89.523,14.229],[-89.52,14.234],[-89.523,14.237],[-89.522,14.241],[-89.526,14.244],[-89.544,14.266],[-89.545,14.265],[-89.548,14.27],[-89.55,14.271],[-89.549,14.273],[-89.55,14.274],[-89.549,14.276],[-89.551,14.276],[-89.547,14.279],[-89.548,14.285],[-89.545,14.289],[-89.546,14.294],[-89.552,14.301],[-89.555,14.302],[-89.557,14.307],[-89.56,14.308],[-89.56,14.311],[-89.564,14.314],[-89.569,14.315],[-89.578,14.314],[-89.582,14.315],[-89.589,14.31],[-89.593,14.311],[-89.591,14.322],[-89.592,14.333],[-89.587,14.347],[-89.582,14.349],[-89.58,14.347],[-89.574,14.353],[-89.564,14.351],[-89.567,14.359],[-89.573,14.363],[-89.581,14.374],[-89.578,14.405],[-89.574,14.417],[-89.543,14.416],[-89.541,14.415],[-89.542,14.412],[-89.541,14.409],[-89.539,14.408],[-89.536,14.403],[-89.535,14.399],[-89.534,14.398],[-89.533,14.392],[-89.536,14.385],[-89.53,14.38],[-89.527,14.382],[-89.526,14.384],[-89.521,14.385],[-89.519,14.387],[-89.521,14.392],[-89.517,14.395],[-89.516,14.399],[-89.512,14.398],[-89.51,14.407],[-89.513,14.41],[-89.513,14.418],[-89.517,14.419],[-89.517,14.421],[-89.52,14.42],[-89.519,14.424],[-89.522,14.428],[-89.52,14.432],[-89.506,14.44],[-89.502,14.448],[-89.501,14.452],[-89.503,14.454],[-89.498,14.466],[-89.501,14.467],[-89.5,14.469],[-89.501,14.47],[-89.503,14.469],[-89.504,14.471],[-89.503,14.473],[-89.5,14.472],[-89.499,14.476],[-89.501,14.478],[-89.503,14.477],[-89.509,14.483],[-89.511,14.482],[-89.514,14.486],[-89.513,14.489],[-89.507,14.495],[-89.509,14.496],[-89.505,14.497],[-89.505,14.501],[-89.503,14.502],[-89.504,14.504],[-89.506,14.502],[-89.508,14.505],[-89.506,14.506],[-89.506,14.508],[-89.507,14.508],[-89.507,14.509],[-89.519,14.514],[-89.62,14.511],[-89.615,14.551],[-89.64,14.563],[-89.682,14.531]]]}},{"type":"Feature","properties":{"nombre":"Santa Rosa","iso":"GT-SR"},"geometry":{"type":"Polygon","coordinates":[[[-90.573,14.257],[-90.579,14.247],[-90.588,14.242],[-90.586,14.238],[-90.59,14.23],[-90.595,14.225],[-90.597,14.217],[-90.601,14.211],[-90.602,14.207],[-90.597,14.195],[-90.575,14.203],[-90.565,14.2],[-90.562,14.196],[-90.558,14.195],[-90.552,14.197],[-90.54,14.205],[-90.529,14.216],[-90.519,14.202],[-90.509,14.199],[-90.52,14.193],[-90.53,14.18],[-90.549,14.172],[-90.567,14.157],[-90.591,14.158],[-90.593,14.137],[-90.567,14.134],[-90.564,14.126],[-90.555,14.125],[-90.554,14.122],[-90.555,14.101],[-90.562,14.098],[-90.566,14.101],[-90.575,14.099],[-90.584,14.094],[-90.59,14.092],[-90.592,14.083],[-90.589,14.079],[-90.59,14.07],[-90.617,14.07],[-90.619,14.017],[-90.617,14.014],[-90.624,14.002],[-90.624,13.922],[-90.537,13.905],[-90.443,13.876],[-90.371,13.848],[-90.351,13.837],[-90.352,13.839],[-90.35,13.841],[-90.343,13.838],[-90.343,13.842],[-90.339,13.836],[-90.344,13.835],[-90.349,13.839],[-90.347,13.836],[-90.325,13.828],[-90.263,13.8],[-90.262,13.805],[-90.257,13.803],[-90.254,13.805],[-90.262,13.808],[-90.262,13.811],[-90.259,13.811],[-90.259,13.813],[-90.261,13.816],[-90.264,13.836],[-90.258,13.84],[-90.257,13.843],[-90.246,13.848],[-90.244,13.857],[-90.245,13.868],[-90.242,13.872],[-90.242,13.875],[-90.244,13.878],[-90.247,13.88],[-90.249,13.89],[-90.253,13.89],[-90.255,13.894],[-90.251,13.902],[-90.251,13.906],[-90.246,13.915],[-90.253,13.922],[-90.251,13.929],[-90.253,13.93],[-90.258,13.929],[-90.26,13.935],[-90.27,13.934],[-90.276,13.947],[-90.282,13.953],[-90.293,13.975],[-90.289,13.982],[-90.289,13.985],[-90.295,13.996],[-90.293,13.999],[-90.298,14.005],[-90.299,14.011],[-90.256,14.007],[-90.249,14.008],[-90.246,14.01],[-90.226,14.011],[-90.216,14.01],[-90.213,14.008],[-90.213,14.005],[-90.208,14.002],[-90.205,14.002],[-90.2,13.995],[-90.195,13.992],[-90.183,13.99],[-90.167,13.991],[-90.163,13.989],[-90.165,13.98],[-90.168,13.975],[-90.165,13.972],[-90.152,13.981],[-90.146,13.975],[-90.147,13.967],[-90.149,13.963],[-90.147,13.962],[-90.121,13.996],[-90.117,14.0],[-90.117,14.003],[-90.123,14.011],[-90.121,14.012],[-90.116,14.038],[-90.116,14.049],[-90.119,14.061],[-90.099,14.068],[-90.079,14.06],[-90.053,14.126],[-90.055,14.13],[-90.057,14.127],[-90.081,14.161],[-90.08,14.164],[-90.076,14.163],[-90.069,14.167],[-90.068,14.171],[-90.073,14.177],[-90.067,14.182],[-90.062,14.183],[-90.075,14.203],[-90.157,14.253],[-90.188,14.256],[-90.198,14.256],[-90.202,14.257],[-90.207,14.264],[-90.202,14.273],[-90.206,14.296],[-90.199,14.31],[-90.2,14.32],[-90.194,14.325],[-90.141,14.343],[-90.13,14.336],[-90.121,14.333],[-90.117,14.334],[-90.115,14.342],[-90.123,14.357],[-90.091,14.354],[-90.058,14.389],[-90.047,14.43],[-90.054,14.436],[-90.111,14.471],[-90.114,14.494],[-90.144,14.5],[-90.235,14.479],[-90.244,14.472],[-90.257,14.483],[-90.253,14.508],[-90.257,14.509],[-90.257,14.513],[-90.259,14.513],[-90.264,14.508],[-90.278,14.518],[-90.289,14.521],[-90.295,14.519],[-90.298,14.513],[-90.303,14.512],[-90.314,14.496],[-90.315,14.482],[-90.319,14.481],[-90.322,14.476],[-90.324,14.475],[-90.328,14.468],[-90.331,14.468],[-90.333,14.481],[-90.336,14.486],[-90.337,14.496],[-90.354,14.503],[-90.361,14.496],[-90.366,14.497],[-90.366,14.494],[-90.373,14.49],[-90.375,14.488],[-90.377,14.49],[-90.379,14.495],[-90.383,14.495],[-90.39,14.493],[-90.392,14.491],[-90.389,14.485],[-90.399,14.482],[-90.402,14.479],[-90.407,14.481],[-90.413,14.473],[-90.415,14.462],[-90.414,14.437],[-90.416,14.434],[-90.437,14.413],[-90.439,14.409],[-90.439,14.404],[-90.435,14.393],[-90.436,14.383],[-90.433,14.367],[-90.428,14.355],[-90.43,14.349],[-90.429,14.345],[-90.432,14.343],[-90.433,14.338],[-90.439,14.338],[-90.438,14.333],[-90.447,14.332],[-90.451,14.334],[-90.455,14.33],[-90.454,14.321],[-90.456,14.319],[-90.474,14.319],[-90.476,14.315],[-90.481,14.314],[-90.487,14.309],[-90.493,14.309],[-90.496,14.306],[-90.501,14.302],[-90.505,14.302],[-90.506,14.298],[-90.51,14.298],[-90.513,14.287],[-90.521,14.286],[-90.523,14.284],[-90.528,14.284],[-90.533,14.278],[-90.537,14.279],[-90.543,14.275],[-90.546,14.277],[-90.553,14.275],[-90.556,14.27],[-90.561,14.268],[-90.563,14.263],[-90.567,14.259],[-90.573,14.257]]]}}]}